,,,,,,,,,
,担当者,館名,都道府県,展示名,会期(始),会期(終),公式サイトURL,説明文,分類番号
,大矢,四日市市立博物館,三重県,開館30周年記念　特別展 立原位貫　〜想像力から創造力へ〜,2023/9/23,2023/11/5,https://www.city.yokkaichi.mie.jp/museum/info/pg329.html,四日市ゆかりの木版画家・立原位貫（1951-2015）は、独学で江戸期浮世絵の魅力を現代に蘇らせ、さらにはオリジナルでも粋で個性的な作品を創り出しました。大英博物館に収蔵されるなど、世界に誇れる画家の足跡を辿り、その面白さ、美しさを紹介します。,"73,09,721"
,大矢,四日市市立博物館,三重県,開館30周年記念　特別企画展　昭和のくらし　昭和の一隅,2024/1/2,2024/3/3,https://www.city.yokkaichi.mie.jp/museum/info/pg329.html,いま私たちが生活している令和、平成につながる昭和の一隅。私たち一人ひとりが居たその場所には、活き活きと人々が語らう身近な風景がありました。そんな風景に思いを馳せ、改めて今のくらしを振り返りたいと思います。小学校 3 年生の学習にあわせた学習支援展示として、昭和の初めごろから昭和 50 年代を中心に、平成までのくらしの様子を紹介します。,"216,38,37,59"
,大矢,パラミタ  ミュージアム,三重県,つながる琳派スピリット　神坂雪佳展,2023/10/6,2023/11/26,https://paramitamuseum.com/plan/next_exhibition.html#plan01,近代京都において、琳派を手本として創作活動を行った神坂雪佳(1866～1942)。京に生まれた雪佳は、はじめ四条派の画法を学びますが、新しい時代にふさわしい工芸図案の必要性を認識し、図案家の岸光景に師事します。押し寄せる西洋文化を意識しながらも、雪佳は装飾芸術である「琳派」に傾倒し、図案家、画家として活躍しました。雪佳が手掛けたデザインは、染織、陶芸、漆芸から室内装飾や庭園まで実に多面的です。これは、雪佳が敬愛した本阿弥光悦や尾形光琳の柔軟な活動に倣うものといえるでしょう。琳派は、江戸初期の本阿弥光悦、俵屋宗達(生没年不詳)にはじまり、江戸中期の光琳やその弟・尾形乾山、江戸後期の酒井抱一らによって私淑という形で受け継がれてきました。平安以来の美意識をそなえた装飾性豊かな作風で、絵画や工芸といった領域を越え、さまざまな意匠を生み出してきた琳派は、近代以降も多くの分野にわたって影響を与え続けています。本展では、雪佳が手本とした琳派の美の潮流を本阿弥光悦や尾形光琳らの名品にたどるとともに、古典と近代的発想を融合させ、美術と意匠の二つの分野を自在に往来した近代琳派・神坂雪佳の多彩な世界をご覧いただきます。,"21,12,70,721,727,750,757"
,大矢,パラミタ  ミュージアム,三重県,Sasa Adairコレクション 20世紀巨匠の版画達展 シャガール、ピカソ、ダリからロックウェルまで,2023/12/1,2024/1/29,https://paramitamuseum.com/plan/schedule.html,マティス、ブラックからビュッフェの時代まで、彼らが信頼を寄せたパリの版画工房や出版社の協力で制作されたリトグラフ。アメリカンイラストレーションの黄金時代を築いたパリッシュ、古き良きアメリカを象徴するロックウェルによる雑誌の表紙絵。それらの版画約130点を展観いたします。ヨーロッパとアメリカの“版画達”を集めて帰国した「Sasa Adairコレクション」を公開。誰もが聞いたことがある作家、教科書で見たことがある作品をみつけながら、20世紀の芸術をお楽しみください。,"25,23,73,74,727"
,大矢,パラミタ  ミュージアム,三重県,隙あらば猫 町田尚子絵本原画展,2024/2/3,2024/3/31,https://paramitamuseum.com/plan/schedule.html,画家・絵本作家の町田尚子(まちだ・なおこ／1968～)は、絵本の物語を繊細なタッチと大胆な構図で描くことでその文章が生きる空間を表現し、高い評価を受けています。町田の座右の銘は、「隙あらば猫」。童話や遠野物語、怪談絵本など、様々な物語の中で、猫を主人公として、時に脇役として登場させています。描かれた猫たちは、毛並みから仕草、表情まで緻密に表現され、猫と共に暮らす町田の観察眼の鋭さ、そして猫を慈しむ眼差しが感じられます。今回は、デビュー作や代表作など数々の絵本原画を貴重な制作資料とともに展示します。この機会に、絵本原画そのものが持つ繊細な筆致や迫力のある描写をお楽しみください。,"726,48"
,大矢,朝日町歴史博物館,三重県,,,,,,
,大矢,桑名市博物館,三重県,特別企画展 三方領知替200年　行田市・桑名市・白河市友好都市締結25周年記念合同企画展「武門の遺産ー徳川家を支えた忍・桑名・白河ー」,2023/10/28,2023/11/26,https://www.city.kuwana.lg.jp/hakubutukan/bunka/bunkashisetsu/2023calendar.html,文政6年（1823）に忍藩主阿部正権が白河へ、白河藩主松平定永が桑名へ、桑名藩主松平忠堯が忍へ国替えとなる三方領知替（さんぽうりょうちがえ）が行われました。この国替えが縁となり、平成10年（1998）に行田市・桑名市・白河市の三市は友好都市を締結しました。令和5年（2023）は三方領知替200年、友好都市締結25周年という節目の年となります。三市の歴史・文化的魅力を広く市民や各市を訪れる人々に伝える絶好の機会であることから、三市の所蔵する「おたから」を一堂に会する展覧会を実施し、三市の文化財の魅力を各市において紹介し、今後の観光交流を推進していく上での一助とします。,"21,09,721,728,750"
,大矢,桑名市博物館,三重県,企画展「BE BRAVE ―ヴィアティン三重、2023年の軌跡―」,2023/12/9,2023/12/17,https://www.city.kuwana.lg.jp/hakubutukan/bunka/bunkashisetsu/2024calendar.html,2023年のシーズンを振り返る企画展を開催いたします。,78
,大矢,桑名市博物館,三重県,新春企画展「松平定信と源氏物語」【特集陳列】〈山〉と〈月〉の日本画／刀剣セレクション3 ー桑博ドラゴンズー,2024/1/13,2024/2/25,https://www.city.kuwana.lg.jp/hakubutukan/bunka/bunkashisetsu/2025calendar.html,松平定信は古典の書写を日課とし、中でも『源氏物語』を7度も書き写しました。平安時代より読み継がれ、定信も愛読した『源氏物語』の世界をご紹介します。,"91,21,721,728"
,大矢,桑名市博物館,三重県,春季企画展「刀剣アラカルト」,2024/3/9,2024/5/12,https://www.city.kuwana.lg.jp/hakubutukan/bunka/bunkashisetsu/2026calendar.html,館蔵の刀剣を中心に、一振一振異なる味わいをご紹介します。一つとして同じもののない刀剣の魅力をご堪能ください。,"21,756"
,,澄懐堂美術館,三重県,,,,,,
,,鈴鹿市考古博物館,三重県,,,,,,
,谷口,三重県立美術館,三重県,"宮城県美術館所蔵　絵本原画の世界2022-23
",2023/10/7,2023/12/10,https://www.bunka.pref.mie.lg.jp/art-museum/000278004.htm,"「こどものとも」は芸術性の高い絵本づくりを目指し、1956年に福音館書店から創刊された月刊絵本です。「こどものとも」の魅力として、洋画や日本画、彫刻、漫画など、さまざまな分野で活躍す る作家たちが絵本づくりを手がけたことがあげられます。作家たちは、ものがたりの表現にふさわしい技法や材料を取りいれながら、これまでにない新しい絵本を生み出しました。
　本展では、宮城県美術館の絵本原画コレクションから、「こどものとも」を語る上で欠かせない名作、そして時代をこえて子どもたちに親しまれている絵本の原画を紹介します。",
,谷口,三重県総合博物館,三重県,"第35回企画展　鳥のひみつ調べ隊！　みて・きいて・ふれて
",2023/10/7,2023/12/10,https://www.bunka.pref.mie.lg.jp/MieMu/p0031300086.htm,大空を自由に飛ぶ鳥、この生きものは「飛ぶ」ということを活かし、山、森林、川、海、住宅街など私たちの身近なところにもたくさんくらしています。そんな鳥にはたくさんのひみつがあります。空を飛ぶための工夫や、生活する環境に合わせた形、絵や工芸品のモチーフなど…。本展ではそんな鳥のひみつをさまざまな視点から紹介します。実際に標本を見たりふれたりしながら、鳥のひみつと魅力を探してみませんか。,
,谷口,本居宣長記念館,三重県,本居を取り巻く女性たち,2023/9/5,2023/12/3,https://www.norinagakinenkan.com/exhibition.html,商人に向かない宣長を医者の道へ導き、京都での修学を援助した母お勝。書簡や日記に時折存在感を見せる妻お勝。妹たち。3人の娘。宣長の門人は圧倒的に男性の割合が高く、多くの女性門人を擁した師賀茂真淵とは対照的でした。しかしそんな中にも、山鹿（熊本）から父母に連れられてやってきた帆足京（みさと）や、宣長との論争を繰り広げた伊勢の荒木田麗女、宣長の『源氏物語』講釈を聴講した紀州藩の清信院と備姫（のぶひめ）など、個性あふれる人々が大勢います。宣長の人生の岐路で、重要な役割を果たしてきた女性たちとの関わりを見つめる展示です。,
,谷口,石水博物館,三重県,"奥田竹石と三重の近代絵画
",2023/11/18,2024/1/28,https://sekisui-museum.or.jp/ex2023year-2,奥田竹石（1901～77）は、津を中心に活動した南画家です。京都の田近竹邨に師事し、のち地元の津へ戻り数々の作品をのこし、後進の指導にも尽力しました。また竹石は、半泥子の南画の師でもあり、半泥子が祖母の供養のために建立した紅梅閣の障壁画を描きました。本展では、近年寄贈を受けた竹石の作品に加え、中村左洲や川口呉川など、三重県ゆかりの近代画家の作品を紹介します,
,谷口,斎宮歴史博物館,三重県,特別展「海の祈り－海浜の神社と伊勢神宮－」,2023/10/7,2023/11/26,https://www.bunka.pref.mie.lg.jp/saiku/50304036130.htm,"島国である我が国において、人やモノ、文化などの交流、移動は、古くから海路を介することで行われていました。海路による交流や移動は、私たちの想像を超える困難を伴うものであったことは、さまざまな歴史資料などからも想像するに難くありません。世界遺産「神宿る島」宗像（むなかた）・沖ノ島と関連遺産群や八代（やつしろ）神社（三重県鳥羽市）「伊勢神島祭祀遺物」などに見られるように、人々が航海の無事や安全などを神々に祈願していたことは自然な流れでしょう。
　この特別展では、これらの遺産や遺物をはじめ、明治時代初めまで行われていた伊勢神宮の贄海神事（にえうみしんじ）に関する資料などから人知の及ばぬ存在に対する畏怖や地域の歴史、神々への日々の安寧を願う想い、感謝の気持ちを表す祭祀や風習などを紹介します。",
,谷口,松阪市文化財センター,三重県,,,,,,
,,松阪市文化財センター(はにわ館),三重県,,,,,,
,谷口,松浦武四郎記念館,三重県,特別展示「メナシのアイヌとともに生きる～加賀伝蔵、松浦武四郎、南摩綱紀～」,2023/9/29,2023/11/26,https://takeshiro.net/,"まざまな顔を持つ幕末の偉人
文化15年（1818年）、伊勢國須川村（現三重県松阪市小野江町）に松浦武四郎は生まれました。
諸国をめぐり、武四郎は自らが見て、聞いたことを記録し、多くの資料を残しました。
その記録は、武四郎が自ら出版した著作や地図を通して、当時の人々に伝えられました。",
,谷口,神宮徴古館・農業館,三重県,,,,,,
,Wang,神宮美術館,三重県,令和４年度奉納 神宮式年遷宮奉賛美術品展,2023/9/1,2023/12/26,https://museum.isejingu.or.jp/exhibition/n0tz678v.html,神宮美術館には当代を代表する美術・工芸作家の名品が式年遷宮を奉賛して奉納され、現在約490点の作品が保管・収蔵されています。令和4年度には8名の作家の手による14点の作品が寄せられました。本展覧会は新たに奉納となった作品を一堂に公開展示する展覧会です。ぜひこの機会に華麗・秀逸なる作品の数々をご覧下さい。,"71,721,723,728,751,752,753,754,756,759"
,Wang,式年遷宮記念せんぐう館,三重県,玉佩（ぎょくはい）・玉佩筥（ぎょくはいばこ）・玉筥（たまばこ）・刀剣研磨（とうけんけんま）,2023/6/30,2024/7/1,https://www.sengukan.jp/event/#exhibition,玉佩（ぎょくはい）は華麗な古代の装身具（そうしんぐ）。朝廷の儀式で礼服（らいふく）を着用する際に、腰の下から足元に掛けて垂らす佩飾品（はいしょくひん）です。明治以降に服制が変更されましたので、今日では式年遷宮で調進される御料の他に作られる機会はありません。唐花唐草（から はな からくさ）を細密に表した金具や、多彩な玉類（ぎょくるい）の調製技術をご覧いただけます。 玉佩筥（ぎょくはいばこ）は玉佩を納めるための黒漆塗りの筥。金物の形状に合わせて先端を花形とする独特の姿（花先形はなさきがた）をしています。筥の表面は銀平蒔絵（ぎんひらまきえ）による花菱文で飾られています. 玉筥（たまばこ）は御玉（おんたま）（水晶の大玉）を納めるための黒漆塗りの筥。希少な古代の漆芸技法である銀平文（ぎんひょうもん）は筥の表面に銀板を貼り、 漆を塗り重ねて研ぎ仕上げ、最後に彫金をする高度な技です。鳳凰（ほうおう）や唐花唐草（から はな からくさ）をきらびやかに表現しています。式年遷宮では神宝として60柄の御太刀おんたちを調製し新宮にいみやに奉られます。それぞれの御太刀おんたちの刀身は刀匠によって鍛錬され、研師とぎしの研とぎにより刀身の刃は白く、地鉄じがねは青黒く磨き上げられて美しく仕上げられます。展示では刀身一振を研磨工程別に区切って、一目で分かりやすく紹介します。また砥石と研磨道具も併せて展示し、刀剣研磨とうけんけんまの技術を紹介します。,"755,756"
,Wang,式年遷宮記念せんぐう館,三重県,神宮125社―摂社･末社･所管社の遷座―,2023/4/1,2024/3/31,https://www.sengukan.jp/event/#exhibition,資料展示「摂社・末社・所管社のちがい」「遷座も２０年に１度？」「遷座の諸祭」「本年度遷座予定神社」,
,Wang,式年遷宮記念せんぐう館,三重県,鶴斑毛御彫馬,2023/6/30,2024/7/1,https://www.sengukan.jp/event/#exhibition,鶴斑毛御彫馬（つるぶちげのおんえりうま）は、神馬（しんめ）を模した彩色木彫像。檜材を用いて、日本在来馬の容貌を彫刻し、古代最上の馬装｢唐鞍｣（からくら）を着けた飾馬です。特色ある白黒斑模様の毛色｢鶴斑毛｣は、馬体に漆下地を施し、胡粉（ごふん）・墨で彩色をしています。又、鞍具（くらぐ）は唐鞍（からくら）固有の馬装金具を始めとする高度な伝統工芸によって調製されています。,750
,Wang,鳥羽市立海の博物館,三重県,しまたね＋おおたはるか「鳥羽の植物　山と港、海と島」,2023/9/5,2024/1/4,http://www.umihaku.com/tenji/tokubetu/index.html,「山と港」編として、7月17日（日）～9月2日（土）の間、鳥羽市内にあるカフェMUSEAにて、「日和山」のユキノシタやフユイチゴ、「城山公園」の低山に育つ植物コバノタツナミやヒメウツギ、「佐田浜」ではハマエンドウなどカフェ近辺で観察できる植物を紹介し、そのあと海の博物館のギャラリーでは、「海と島」編として、博物館のある「浦村」そして離島「菅島」と「神島」で観察できる植物を紹介します。「浦村」の海岸では、ミヤコグサ、ハマダイコン、コウボウシバ、ニガナ、オオジシバリなどが観察できます。離島「菅島」ではトウダイグサやイワタイゲキなど灯台のある島らしい名前の植物やアリドオシやオオバウマノスズクサ、カンアオイ、コゴメウツギなどが見られます。島が大きく標高もあるため時間はかかりますが数多くの植物を観察できます。「神島」ではタイトゲメやアゼトウナ、ハマカンゾウ、鳥羽では少なくなっているハマゴウなど海浜性植物が観察でき、タチツボスミレやケキツネノボタンなど低山に育つ植物も観察できます。海岸から灯明山山頂（170m）まで１kmほどしかないため短時間で海と山の植物を観察できるのも特徴です。今回、鳥羽出身のしまたね（グラフィックデザイナー）とおおたはるか(画家)が、鳥羽市で観察できる約100種以上の植物を写真や拾い集めた実物の種、アート作品などで紹介します。,47
,Wang,鳥羽市立海の博物館,三重県,三重のさかな　伊勢エビ,2023/7/15,2023/11/23,http://www.umihaku.com/tenji/tokubetu/index.html,伊勢エビは“三重県のさかな”に指定される、本県を代表する海産物です。漁獲方法には刺し網をはじめ潜水漁、カゴ漁など様々な漁法があり、秋期～初春にかけての旬の味として食されてきました。また他のエビと同様、髭のような触覚があり、加熱した時には曲がった腰に赤い体色となることから、長寿や幸福の願いを込めるアイテムとして、祝い膳や慶事の飾りに利用してきました。さらに身をとったあとの殻は子どものはしかの薬として利用されるなど、単なる豪華な食材としてだけではなく、日本人の生活と多様に関わってきました。当地域だけではなく、日本全体で食文化・信仰とも関係の深い伊勢エビを通じて、人と海との密接な関係、海産物の伝統的な利用と奥深い魚食文化、多様な漁撈習俗などについて学んでいただければ幸いです。,"17,48,66,71"
,,鳥羽水族館,三重県,,,,,,
,谷口,伊賀流忍者博物館,三重県,,,,,"忍者が自分たちの思いを込めた忍術書。その中には数々の忍者の道具、「忍具」が描かれています。また伊賀忍者特殊軍団 阿修羅による忍者ショーをご覧いただけます
忍術体験館では、忍術書に基づいて製作されたレプリカの忍具やおなじみの手裏剣や水蜘蛛などの忍具を見ることができます。",
,Wang,亀山市歴史博物館,三重県,「きらめく亀山刀剣鐔 ー国助・正吉・国友・間ー」,2023/9/30,2023/12/10,http://kameyamarekihaku.jp/41kikaku/info.html,亀山市には、多くの刀剣類が伝わっています。また、刀装具のひとつである鐔には、珍しい装飾技法を用いた亀山鐔があります。地域に伝わる刀剣類と刀装具をともにご紹介することで、改めてその歴史的な特色を見つめ直したいと思います。,756
,,伊勢夫婦岩ふれあいシーパラダイス,三重県,,,,,,
,河合,近江神宮時計博物館,滋賀県,,,,,,
,河合,木下美術館,滋賀県,,,,,,
,河合,大津市歴史博物館,滋賀県,源氏物語と大津,2024/1/10,2025/1/10,https://www.rekihaku.otsu.shiga.jp/event/kikakuten.html#genzi,紫式部は、日本文学史上の最高傑作とも名高い『源氏物語』を、大津市を代表する古刹である石山寺で書き始めたと伝えられています。それにちなみ、約１年間をかけて、『源氏物語』と大津の関係を、美術作品を中心に紹介していきます。,
,河合,膳所焼美術館,滋賀県,,,,,,
,河合,滋賀県立美術館,滋賀県,,,,,,
,河合,田上鉱物博物館,滋賀県,,,,,,
,河合,野洲市歴史民俗博物館,滋賀県,国史跡甲山古墳・円山古墳石室特別公開,2023/11/3,2023/11/3,https://www.city.yasu.lg.jp/soshiki/bunkazaihogo/kankou/1634860532536.html,"保存のため、公開を制限している甲山古墳と円山古墳の石室内部を公開します。
内部にある熊本県宇土半島から運ばれた刳抜式家形石棺を間近でご覧いただけます。
また、発掘調査で出土した副葬品を史跡公園案内所で公開します。",
,越智,栗東歴史民俗博物館,滋賀県,,,,,,
,越智,滋賀県立安土城考古博物館,滋賀県,,,,,,
,越智,彦根城博物館,滋賀県,,,,,,
,小川,滋賀大学経済学部附属史料館,滋賀県,,,,,,
,小川,ボーダレス・アートミュージアムNO-MA,滋賀県,,,,,,
,小川,佐川美術館,滋賀県,,,,,,
,小川,滋賀県立琵琶湖博物館,滋賀県,,,,,,
,小川,長浜市長浜城歴史博物館,滋賀県,,,,,,
,小川,日登美美術館,滋賀県,,,,,,
,小川,愛荘町立歴史文化博物館,滋賀県,,,,,,
,安本,観峰館,滋賀県,特別企画展「近江・聖徳太子伝承社寺の美術―地域に根付いた文化財たち―」,2023/9/23,2023/11/26,https://kampokan.com/event/2023/09/art-of-shoutoku-taishi-in-shiga/,東近江地域は古来、聖徳太子開基伝承を持つ社寺が多い地域です。その多くは、中世の度重なる戦乱の紆余曲折を経て、近世以降に再興を遂げた社寺が多いものの、その開基伝承は強く人びとの間で語り継がれています。当館は、平成27年（2015）10月の開館20周年以降、館が所在する東近江地域の寺院が所蔵する文化財調査を進め、その成果を展覧会等で公開してきました。本展は、その調査研究の成果を踏まえ、聖徳太子遠忌1400年という節目に、太子開基の伝承を持つ社寺の書画・彫刻の名宝を一堂に展示する試みです。従来、奈良・大阪において太子所縁の美術を特集した展示が散見されましたが、この滋賀県内では皆無であり、この展覧会が果たす役割は非常に大きいといえるでしょう。去る2月24日、当館は公開承認施設として認可されました。その杮落しとなる本展覧会では、湖東地域の重要文化財４件を含め、県・市指定の文化財、これまで門外不出であった太子南無仏像２体を展示いたします。,"18, 212, 213, 214, 70, 71, 721"
,安本,ＭＩＨＯ  ＭＵＳＥＵＭ,滋賀県,秋季特別展「金峯山の遺宝と神仏」,2023/9/16,2023/12/10,https://www.miho.jp/exhibition/金峯山の遺宝と神仏/,秋季特別展「金峯山の遺宝と神仏」では、古代より修験道の聖域とされてきた奈良県吉野の金峯山を参詣した平安貴族の「御嶽詣」に伴う金峯山経塚の出土品を一堂に展示します。藤原道長の金峯山参詣を端緒とする平安貴族の盛んな「御嶽詣」に伴う埋経は、金峯山経塚遺物として今日に伝わっています。この展覧会では新たに確認された遺物も含む金峯山出土遺物から、平安貴族の金峯山への信仰と憧憬の一端をご紹介いたします。,"18, 212, 213, 214, 29"
,安本,京都市学校歴史博物館,京都府,きらめきはぐくむ 京都の学校と伝統工芸――西陣織・京友禅・京焼――,2023/9/14,2023/12/17,http://kyo-gakurehaku.jp/exhibition/R5/050914/index.html,京都市学校歴史博物館では、京都市の学校に伝わる、学校や地域にゆかりのある芸術家たちが手がけた作品や、地域の人たちから贈られた作品を管理しています。それらの中には、地域と関係が深い西陣織・京友禅・京焼など、伝統工芸の作品も含まれています。当館の開館２５周年を記念した企画展「きらめきはぐくむ 京都の学校と伝統工芸――西陣織・京友禅・京焼――」は、京都を輝かせてきた伝統工芸と学校とのつながりにあらためて注目する企画展です。京都市の学校園に伝わる伝統工芸の作品を中心に、伝統工芸にたずさわる家に生まれた画家たちによる学校への寄贈作品を展示します。あわせて、地域の伝統工芸の魅力が、学校で子どもたちへとどのように伝えられてきたかをうかがい知ることができる学校の記録なども御覧いただきます。きらめく伝統工芸が京都の学校でどのように育まれてきたのか、作品を通してみてみましょう。,"29, 210, 70, 721, 751, 753"
,安本,龍谷大学  龍谷ミュージアム,京都府,秋季特別展「みちのく いとしい仏たち」,2023/9/16,2023/11/19,https://museum.ryukoku.ac.jp/exhibition/2023/michinoku/,江戸時代、全国の寺院では、上方や江戸で造られた金色に輝く立派な仏像が、ご本尊として安置されました。一方、小さなお堂や祠、民家の仏壇や神棚などには、その土地の大工さんやお坊さんたちの手による、素朴でユニークな仏像・神像がまつられ、人々に大切に護られてきました。この展覧会では、青森・岩手・秋田の3県に伝わった約130点の仏像・神像をご紹介します。みちのくの厳しい風土の中、人々の暮らしにそっと寄り添ってきた、やさしく、いとしい仏たちの、魅力あふれる造形をご覧ください。,"17, 18, 214, 29, 71"
,安本,風俗博物館,京都府,,,,,,
,安本,京都産業大学ギャラリー,京都府,,,,,,
,安本,角屋もてなしの文化美術館,京都府,「四條派と角屋の交流展（後期）」,2023/9/15,2023/12/15,http://sumiyaho.sakura.ne.jp/page/art_museum.html#detail,四條派の祖は、松村月渓（呉春。文化8年・1811年没、享年70)といいます。初め中国の元・明の画法を慕う大西酔月（生没年不詳）に学び、後に蕪村の門に入り南画を修め、併せて俳諧の手ほどきをうけました。蕪村没後は円山応挙の門に入ろうとしたものの固辞され、親友として遇されました。応挙の写実的な作風を学び、蕪村風を転じて写生派絵師として一家をなしました。月渓は天明元年（1781）の暮れに池田（大阪府）に転居し、新春を迎えたことから、画名を呉春と改名しました。これは池田の古名を「呉服の里」と称したことにちなんだものです。いつしか呉春は、四條風と呼ばれるようになり、円山応挙が寛政7年（1795）に没した後、流派と認められていきます。四條派という名称は呉春の後継者に受け継がれ、一つの流派と認定された時点で発生したとされます。弟子の松村景文（天保14年・1843年没、享年64）や岡本豊彦（弘化2年・1845年没、享年72）など、多くが四条通の近くに住んでいたことに由来します。文政の頃（1818～30）には、円山派を凌駕するまでになります。京都では景文や豊彦の画風が世に受けられて、その後の京都画壇の中枢を占める流派として発展したのであります。ところで、角屋とのかかわりで申しますと、天明2年（1782）に発行した角屋の座敷案内書「しまはら寿見徳座敷之記」に、大座敷松の間の地袋の襖が、「月渓筆 下金地桃源の図ふすま二枚」と記されております。署名からすると、安永末年（1781）頃に依頼されたものと考えられます（月渓当時30歳前）。残念ながら松の間の絵そのものは、大正14年（1925）に焼失したことから現物は伝存しませんが、写真だけは残っております。松村景文は呉春の実弟で、角屋には25点もの花鳥画や人物画が伝来しています。中でも「恵比寿図」は下絵までも伝わり、景文との繋がりが深かったとことがわかります。そのような交流から、角屋の十代目常徳（明治3年・1870年没、享年49）は、景文の弟子磯野華堂(生没年不詳)に師事し、模写に精進しています。そのため、弘化4年（1847）発行の『皇都書画人名録』に 師とともに登載され、「画学華堂先生 同所（朱雀）中川玉洲 通称 宗三郎」と記されるほどでした。玉洲は呉春筆「休息歌仙図」巻を模写していて、その捲り1巻が現存しております。今回の初公開をお楽しみください。本展では、このような経緯から、呉春―景文―華堂―玉洲という系譜による四條派と角屋の深い交流 がうかがえることになります。平成18年以来、17年ぶりの展示であり、この機会にぜひご高覧賜りますようご案内申し上げます。,"70 , 721"
,安本,京都鉄道博物館,京都府,貨物鉄道輸送 150 年記念企画展 「モノを運ぶ鉄道展〜列車が乗せるのは人だけじゃない。〜」,2023/9/16,2023/11/26,https://www.kyotorailwaymuseum.jp/pdf/frt_150.pdf,1873(明治6)年9月 15 日に最初の貨物鉄道輸送が新橋〜横浜間で開始されてから、150 年を迎えることを 記念した企画展を開催します。これまでの貨物鉄道輸送の 150 年を振りかえり、貨物鉄道のあゆみ、梅田駅 から吹田貨物ターミナル駅への変遷を中心にご紹介します。,"215, 216, 268, 29"
,安本,ＫＣＩギャラリー,京都府,収蔵品紹介37「裾引くトレーン―19世紀後半のドレス」展,2023/9/25,2023/12/22,https://www.kci.or.jp/information/2023/09/3719_a_selection_from_kcis_collection_no_37_dress_with_train_working_title.html,19世紀後半、当時の女性たちは時間帯や場所、用途に応じて一日に何回も着分けていました。ドレスの後ろに長く引くトレーン（引き裾）は、宮廷用や結婚式用などのドレスに必要不可欠でした。本展では、ドレスを華やかに演出したトレーン付きのドレスの中から、初出展となる作品や、長らく出展していないものを中心に展示いたします。,"23, 38, 757"
,高下,醍醐寺宝聚院,京都府,,,,,,
,高下,茶道資料館,京都府,令和5年秋季特別展「裏千家十三代家元　圓能斎鉄中宗室―現代への礎―」,2023/9/26,2023/12/3,https://www.urasenke.or.jp/textc/gallery/museum/tenji/next/,"令和5年は裏千家十三代家元・圓能斎鉄中宗室（1872～1924）の百回忌にあたります。本展はこれを記念して、圓能斎の功績や、その活動を支えた人物との交流を紹介します。
　圓能斎が生きた明治・大正時代は、近代的な国家形成のために日本の様々な分野で一大変革が行われた時代でした。そのような中で家元を継いだ圓能斎は、女学校教育への茶道の導入とその指導者の育成に注力し、茶道人口の増大と発展に貢献しました。また、裏千家家元としてはじめて点前や茶道具に関する書籍を公刊し、出版による茶道普及と作法の伝承に踏み切ります。
　茶の湯教育の新たな体制を確立し、現代の裏千家茶道の礎を築いた圓能斎に関連する茶道具・茶書などを展示し、その軌跡をたどる展観とします。


",
,高下,北村美術館,京都府,"令和五年 秋季茶道具取合展 「しのぶ秋」

",2023/9/9,2023/12/3,https://www.kitamura-museum.com/,,
,高下,樂美術館,京都府,開館45周年記念「定本 樂歴代」,2023/9/2,2023/12/24,https://www.raku-yaki.or.jp/museum/exhibition/index.html,"樂歴代は、初代長次郎はじめ、それぞれの時代を生き、己の茶碗を新たに生み出してきました。それは、千利休居士の利休道歌の中に出てくる「守破離」の言葉にあるように、変わらない本質と時代変化の中で新たな作風を追求してきたと言えます。まさに「不易流行」。利休居士が求めた侘びの精神を歴代それぞれが軸に据え、今日まで450年にわたりその精神性を茶碗に込め「茶」と共に歩んで参りました。
そうした樂家の伝統と創造にかける歴代の作陶を真正面から捉え、「定本」となるべく、2013年に『定本 樂歴代』が出版されました。
それから10年。15代が隠居し直入に、16代が襲名により吉左衞門と戸籍より改名致しました。
それぞれの隠居、襲名を経て、『定本 樂歴代』も15代・16代の最新作品を増やし、歴代の印も完全網羅し、新たに改訂版を出版することとなりました。
本展では改訂新版『定本 樂歴代』掲載作品の中より、長次郎から16代吉左衞門までの代表作となる名品を中心に展観し、また初版から10年の間に考察が進んだ、樂家と外戚になる本阿弥光悦、玉水焼三代を加え、樂焼の歴史、作風の特色とその変遷を探ります。",
,高下,高麗美術館,京都府,開館三十五周年記念展覧会 秋冬展 吉祥文様と草虫−京都のなかの朝鮮美術−,2023/9/2,2023/12/10,https://www.koryomuseum.or.jp/exhibit.php,"吉祥文様は福・寿というめでたい前兆を象徴します。朝鮮半島における絵画や陶磁器、瓦や布など多様な身の回りのものには描かれた文様は、装飾のみならず、人々の願いが込められていました。
鄭詔文の友人でもあった司馬遼太郎は、朝鮮固有の美意識について、「韓国・朝鮮の文化には、朝鮮語でいうmot(멋 モッ)でつらぬかれているような気がします」と言っています。
鄭は幼い時に離れた故郷の人々の生活に根ざした美意識を求めて、高麗美術館を創設しました。秋冬展では鄭詔文コレクションから吉祥の願いが込められた平和で時々ユーモラスな朝鮮半島の美の世界をお楽しみください。",
,高下,大谷大学博物館,京都府,"大谷大学博物館開館20周年記念　2023年度特別展
宗祖親鸞聖人誕生850年・立教開宗800年記念
古典籍の魅力2023

",2023/10/10,2023/11/28,https://www.otani.ac.jp/events/2023/sfpjr700000104ia.html,開館20周年、宗祖親鸞聖人誕生850年にあたり、館蔵の国指定重要文化財10件とゆかりの作品、宗祖にかかわる重宝を中心に、弊館の役割を振り返り、未来を展望する展覧会です。国宝・重要文化財約20件を含む貴重な作品を展観予定。,
,高下,立命館大学国際平和ミュージアム,京都府,,,,https://www.ritsumeikan-wp-museum.jp/,,
,吉田,京都府京都文化博物館,京都府,もしも猫展,2023/9/23,2023/11/12,https://www.bunpaku.or.jp/,「もしも、うちの猫が人のように話したら？」そんな想像をしたことはありませんか。人間以外の何かを人間になぞらえることを擬人化とよびます。天保12年（1841）頃から、浮世絵師の歌川国芳は猫を擬人化したり、役者を猫にした作品を次々と発表していきます。本展では猫の擬人化作品と、それらを描いた歌川国芳を主軸に捉えながら、江戸時代の擬人化表現の面白さに着目します。そのなかで、なぜ国芳作品にかくも惹きつけられるのか、その魅力のありかを探っていきます。,
,吉田,京都府京都文化博物館,京都府,Kyoto Art for Tomorrow 2024-京都府新鋭選抜展-,2024/1/20,2024/2/4,https://www.bunpaku.or.jp/,新進作家による卓抜した創造性、技術を備えた作品を紹介します。,
,吉田,京都府京都文化博物館,京都府,コスチュームジュエリー 美の変革者たち シャネル、ディオール、スキャパレッリ 小瀧千佐子コレクションより,2024/2/17,2024/4/14,https://www.bunpaku.or.jp/,コスチュームジュエリーの世界的コレクターで研究家でもある小瀧千佐子氏の貴重なコレクションを通して、宝石や貴金属などの従来の素材にとらわれず自由にデザインされたコスチュームジュエリーの楽しさをご紹介します。,
,吉田,大西清右衛門美術館,京都府,,,,http://www.seiwemon-museum.com/,,
,吉田,花園大学歴史博物館,京都府,若狭の古墳―よみがえる若狭の王者たち―,2023/9/28,2023/12/23,https://www.hanazono.ac.jp/about/museum/,古代御食国として朝廷と特別な関係を有した若狭の地域は、狭小な地域でありながら数多くの前方後円墳が５世紀から６世紀ごろにかけて連綿と築かれました。そこは日本海側各 地、そして朝鮮半島の国々と大和をつなぐうえで当時もっとも重要な地域であり、そこには大和にはない特色ある文化、とくに大陸色の強い石室や副葬品が数多く認められます。墳墓に収められた数々の副葬品やそこに樹立された埴輪から、若狭の王者たちの姿を解き明かします。,
,吉田,並河靖之七宝記念館,京都府,並河靖之、その人生観 七宝と親交,2023/9/1,2023/12/17,https://namikawa-kyoto.jp/,本展覧会は、七宝家・並河靖之の七宝業を支えた人生観に、並河家に遺されてきた七宝や靖之の親交からふれていただき、並河七宝と明治の七宝業の新たな魅力をご紹介します。今日なお、世界中の人々を魅了する並河靖之の七宝業の存在が、日本国内で知られるようになったのは、2000年代入ってからに過ぎません。しかし、今から思えば明治の近代七宝業も当時は知られていない新興産業でした。靖之は、そもそも七宝や物づくりに携わる家に生まれたわけではなく、生家は近江栗太郡六地蔵梅野木の高岡家で、川越藩京都留守居役の武家でした。並河家には1855(安政2)年に数11歳で養子に入り、同家が青蓮院門跡坊官を務める家柄で、天台座主・青蓮院宮入道尊融親王(後の久邇宮朝彦親王)に仕えました。主人が被る幕末維新の境遇に自身も翻弄され、先行きへの不安が絶えずあり、靖之は朝彦親王に仕える傍ら1873(明治6)年に七宝を手掛け、1878(明治11)年に専業とします。当時、国内では幕末の尾張で開発された尾張七宝が盛んとなり産業としての将来性が期待され、京都でも関心が高まり、靖之も満を持して七宝業に飛び込みました。実業の世界で紆余曲折を経ながら、やがて自身の七宝業を究めて、珠玉の並河七宝を創出し、日本の七宝を世界に冠たるものとしました。靖之が創始した「並河七宝」は類ない耀きと高雅さを放ち、19世紀の万国博覧会を通じてその名を世界に馳せ、多くの人々を京都へと誘いました。 約五十年にわたる偉業を一代で成し得た靖之を支えたものは、新時代の生きる術として、人生を投じた七宝への熱情があったことは勿論ですが、その心情は多くの人との親しい交友によって助けられ、培われていったものです。人生の一大事に遭遇すると、心は大きく揺らぎますが、それを踏み越えて、人は誰でも考えを新たにし、新たな一歩を進めていきます。真摯に生きた靖之の人生観は、人生の折々で変わったことは想像に難くありませんが、根底には七宝への探求心と、ひと様への感謝が絶えずあったといえます。世情は落ち着かないままですが、皆様には当館にて、実りゆく季節の移ろい味わいつつ、心穏やかにお過ごしください。,
,吉田,漢検  漢字博物館・図書館,京都府,今年の漢字®展,2023/10/24,2024/2/25,https://www.kanjimuseum.kyoto/,「今年の漢字」開始当初の1995年から2022年までの大書をすべて現物で展示します。日本の世相の移り変わりを迫力の大書とともにお楽しみください。,
,吉田,霊山歴史館,京都府,桂小五郎と幾松～広戸文庫史料～,2023/9/13,2023/11/5,https://www.ryozen-museum.or.jp/,幕末や明治維新に活躍し、「維新の三傑」と呼ばれる英傑がいますが、それが木戸孝允（桂小五郎）、西郷隆盛、大久保利通です。桂は幕末、長州藩の外交や国事周旋を担当し、藩内における尊王攘夷派の指導者になりました。そんな桂も、元治元年（１８６４）７月に大きな挫折を味わいます。長州勢は「禁門の変」で敗走し、桂はしばらく京都に潜伏して情勢を探った後、但馬国出石（兵庫県豊岡市）に逃れ、約２５０日間にも及ぶ潜伏生活を送りました。桂を出石に逃がしたのは対馬藩京屋敷の出入り業者だった広戸甚助で、出石では甚助の弟・直蔵が中心になって桂を匿いました。この頃の桂は、池田屋事件や禁門の変などで様々な困難に直面し、これからの人生を商人として生きようかと思い悩み、人生のどん底を味わっていました。そこへ、のちに妻となる幾松が迎えにやってきて激励し、奮起した桂は再び政治の第一線に戻ることになりました。その後、藩の命令で姓を木戸に変えると、薩長同盟の締結や倒幕に尽力し、維新後は東京奠都、版籍奉還、廃藩置県、岩倉使節団の副使を務めるなど、明治新政府の基礎を築きました。本企画展では、２００６年の１月に出石の広戸家から霊山歴史館に寄贈された史料を中心に、桂小五郎と幾松の実像に迫ります。,
,吉田,独立行政法人  国立文化財機構 京都国立博物館,京都府,東福寺,2023/10/7,2023/12/3,https://www.kyohaku.go.jp/jp/,新緑や紅葉の名所として知られる東福寺は、京都を代表する禅寺の一つです。中世以来の巨大な建造物の数々は圧倒的なスケールを誇り、「東福寺の伽藍面」の通称で知られています。東福寺の寺宝をまとめて紹介する初の機会となる本展では、伝説の絵仏師・明兆による記念碑的大作「五百羅漢図」全幅を修理後初公開するとともに、巨大伽藍にふさわしい特大サイズの仏像や書画類も一堂に展観いたします。草創以来の東福寺の歴史を辿りつつ、大陸との交流を通して花開いた禅宗文化の全容を幅広く紹介し、東福寺の日本文化における意義とその魅力を余すところなくご覧いただきます。,
,小山,養源院,京都府,,,,,,
,小山,京都芸術大学芸術館,京都府,,,,,,
,小山,京都市動物園,京都府,青銅器になった動物たち,2023/11/3,2023/12/10,https://www5.city.kyoto.jp/zoo/event/20230915-73180.html,中国古代青銅器のモチーフとなった動物たち。園内で飼育している数種類の動物を、考古学の視点からお楽しみいただけるよう中国古代青銅器の解説パネルを設置します。,"22,756"
,小山,京都市動物園,京都府,（開園120周年記念）のすたるじー写真展,2023/8/15,2024/3/31,https://www5.city.kyoto.jp/zoo/event/20230811-72877.html,開園１２０周年を記念し、これまでの京都市動物園の歴史を、過去の写真とともにエピソードを添えて振り返ります。園内の各所に掲示しておりますので、是非ご覧ください。,"74,216"
,小山,細見美術館,京都府,挑み、求めて、美の極致―みほとけ・根来・茶の湯釜―,2023/11/14,2024/1/28,https://www.emuseum.or.jp/exhibition/next_exhi.html,記念展Ⅱでは、「挑み、求めて、美の極致－みほとけ・根来・茶の湯釜－」と題して、生涯にわたり自身の鑑識眼を鍛え、学び続けることを諦めなかった初代古香庵(細見良1901～79）が愛蔵した作品を紹介するものです。 美の原点として心酔した神道仏教美術、力強く美しい漆器・根来、研究に没頭した茶の湯釜などの金工品ほか、平安から桃山時代にかけての名品の数々をご覧いただきます。,"212,752,756"
,小山,日図デザイン博物館,京都府,,,,,,
,小山,京都国立近代美術館,京都府,京都画壇の青春―栖鳳、松園につづく新世代たち,2023/10/13,2023/12/10,https://www.momak.go.jp/Japanese/exhibitionarchive/2023/455.html,京都の明治以降の美術界の歴史は、東京や西欧との対峙の歴史と言っても過言ではありません。開館60周年を記念して開催する今展では、その中でも特に明治末～昭和初期を近代京都画壇の青春時代ととらえ、土田麦僊（1887～1936）を中心に据え、小野竹喬、榊原紫峰、岡本神草などの代表作約90点を4章に分けて展示します。まさに青春時代と重なった画家だけでなく、上村松園、菊池契月、木島桜谷といった先輩作家達や師匠の竹内栖鳳も含んで一丸となり、東京、西欧、そして京都の伝統に挑んだ彼らの、青春時代特有の過剰さと繊細さとをあわせもつ、完成期とはまた異なる魅力を放つ作品群をご堪能ください。,"215,216,721"
,小山,京都国立近代美術館,京都府,小林正和とその時代―ファイバーアート、その向こうへ,2024/1/6,2024/3/10,https://www.momak.go.jp/Japanese/exhibitionarchive/2023/456.html,小林正和（1944-2004）は京都市に生まれ、京都市立美大で漆芸を専攻するものの、より自由な色彩表現を求めて川島織物デザイン部に就職し、そこで「糸」と出会いました。一本の「糸」に内在する表現の可能性を追求した彼の作品は、伝統的なテキスタイルの枠組みを越えて「ファイバーアート」と呼ばれ、国内外で高い評価を得ることになります。本展では、この分野の重要な先駆者としての小林の活動を回顧するとともに、彼と伴走した作家たちの作品を併せて紹介することで、改めて「ファイバーアート」の過去、現在そして未来について考えます。,"216,724"
,小山,京都市京セラ美術館,京都府,嶋春香,2024/3/5,2024/6/23,https://kyotocity-kyocera.museum/exhibition/20240305-20240623,嶋春香は、人と図像との関わりをテーマに、さまざまな時代や文化の道具が写った資料写真をモチーフに作品を制作してきました。最新作では1つの絵画の中に4つの図像を重ねて描く〈Transformation〉シリーズ（2022-）のほか、自身が日々消費する牛乳パックを支持体に、記録であり絵画でもある〈蒐集〉シリーズ（2019-）を継続しています。また、〈Touch〉シリーズは、一本の筆と一色の蛍光色で濃淡をつけて対象物を描き、資料写真という実際には触れることができないイメージに対し、描くことで可能となる「Touch（触れる、関わりを持つ）」という身体的な行為を通して理解を深めようとしています。また、蛍光色の発色の強さから「見たいのに見えない」といったアンビバレントな視覚作用を起こし、平面だけではなく立体作品としても展開。歴史・文化的資料を出発点としながらも、史実を裏付ける記録としての用途や文脈を読み取るのではなく、色、形、イメージから発せられる印象や個人の想像力を通しての対象物の理解を試みます。,"20,724"
,小山,京都市京セラ美術館,京都府,京都市美術館開館90周年記念展 村上隆（仮称）,2024/2/3,2024/6/30,https://kyotocity-kyocera.museum/exhibition/20240203-20240630,村上隆（1962年生まれ）は、マンガやアニメといったポピュラーカルチャー、ファッションアイコンなどの引用やそれらとのコラボレーションを通して、アートの価値や本質的な意味を問いかけてきました。そのキャリアは、欧米が事実上の規範となっている国際的なアート・シーンに、日本から独自の視点で挑み、刺激を与え続けてきた営みであると言えるでしょう。東日本大震災の記憶も新しい2015年に開催された「村上隆の五百羅漢図展」（森美術館）では、世界の現代美術シーンでの地位を確立した村上が制作した、全長100ｍに及ぶ大作《五百羅漢図》を公開。生と死、鎮魂と祈りなどをテーマに、江戸絵画からも着想を得て、改めて日本の伝統に向き合った成果となりました。2023年度に90周年を迎える当館にて開催する本展は、国内で約8年ぶり、東京以外で初めての個展となり、京都とその歴史を参照した新作も構想されています。常に圧倒的な美的領域を構築してきた村上隆の世界にご期待ください。,720
,小山,京都市京セラ美術館,京都府,［2023 冬期］コレクションルーム 特集「昭和前期の日本画と古典」,2023/12/22,2024/2/25,https://kyotocity-kyocera.museum/exhibition/20231222-20240225,大正期から昭和期に移り、日本画の表現は大きく変わりました。大正期では抒情的な表現が前面に出た、濃厚な色彩やぼかし、陰影を用いた作品が多く見られましたが、昭和になると、簡潔な線、平明な構図、抑制された色彩の、格調高い画風が流行します。同時に、これら端正な画風を用いた主題としてよく見られたのが、日本や中国の歴史や古典文学、あるいは古典美術を意識したものです。猪飼嘯谷や梥本一洋、菊池契月をはじめ、京都画家の多くが歴史主題の作品を制作し、また一方で石崎光瑶や上村松篁は古典美術の学習を反映した作品を発表しています。本特集では、昭和前期の日本画を紹介し、その創造の源泉となった「古典」へのまなざしに迫ります。,"215,216,721"
,小山,京都市京セラ美術館,京都府,［2023 秋期］コレクションルーム 特集「Tardiologyへの道程」,2023/10/27,2023/12/17,https://kyotocity-kyocera.museum/exhibition/20231027-20231217,野村仁（1945-）は、当館で開催された「美大作品展」で、ダンボールの板で組み上げられた高さ8メートルに及ぶ巨大な作品を発表しました。その構築物が、時間の経過とともに崩壊していく様子を撮影した写真が《Tardiology》として残り、その後の写真を用いた作風の原点となりますが、制作の発端には「モニュメンタルな永続性を第一義としない彫刻は可能か？」という彫刻的な問いがありました。本特集展示では、野村が師事した辻晉堂、堀内正和の作品を起点とし、戦後彫刻が歩んだTardiologyにいたる道程を紹介します。,"71,74"
,小山,京都市京セラ美術館,京都府,MUCA展 ICONS of Urban Art 〜バンクシーからカウズまで〜,2023/10/20,2024/1/8,https://kyotocity-kyocera.museum/exhibition/20231020-20240108,ヨーロッパで高い人気を誇る、アーバン・アートと現代アートに特化したドイツ・ミュンヘンの美術館 Museum of Urban and Contemporary Art (MUCA)のコレクションを紹介する展覧会を京都市京セラ美術館で開催します。20世紀から21世紀にかけて世界各国の都市を舞台に発表されてきたアーバン・アートは、都市空間から生まれ、言語、文化、宗教、出身地などのあらゆる壁や境界を越えた視点から世界を見つめるアーティストたちによって創られてきました。彼らの作品は、ルールや規則に縛られることなく、私たちの眼を社会の不公正、資本主義、人種差別といった様々な課題に向けさせ、考えることを促します。本展では、世界的な活躍を見せるバンクシー、カウズ、バリー・マッギーなど、10名の作家にスポットを当て、日本初公開の作品を含む、約70点をご紹介します。ポップ・アートからニューリアリズムまで、25年以上にわたる収集活動を基に設立された世界屈指のMUCAのコレクションを代表する、アーバン・アートの「アイコン」とも呼ぶべき先駆者たちの大胆不敵で独創的な作品の数々をぜひお楽しみください。,722
,小山,京都市京セラ美術館,京都府,山本雄教：仮想の換金 (priceless museum),2023/10/13,2024/2/12,https://kyotocity-kyocera.museum/exhibition/20231013-20240212,山本雄教は、日本画の研究を通して学んだ技法や素材を応用し、米粒の線描やブルーシートを素材としたインスタレーションなどを制作しています。一円硬貨を用いた作品群では、小さく身近な存在である硬貨が、現代社会における貨幣と美術作品の関係性といった大きなものにまで繋がるという、ミクロとマクロを交錯させる試みを展開してきました。本展では、麻紙の下に一円硬貨を敷き詰め、当館所蔵作品やその作家である近代日本画の巨匠たちの肖像を鉛筆のフロッタージュで描き出す大型の新作を含む7点を発表します。この肖像をモチーフにした作品のサイズは、描かれた画家たちの作品が仮に美術市場に出された場合の想定価格によって規定され、価格が高ければ高い程大きく鮮明に表されます。時代を経て、彼らに相対するように展示される山本自身の自画像も例外ではなく、この皮肉めいたルールに従って小さく不鮮明に描き出されます。このような創作過程を通して、山本は所蔵作品も含め美術作品が経済活動と切り離せない事実を、美術館の歴史の背後に読み取ろうとしています。美術作品は、美術館では広く一般に公開されますが、美術市場においては所有や投機の対象として売買され、その価格は作家の意思とは無関係に、需要と供給によって決定されます。しかし、その取引で交換される貨幣の価値も、国家や中央銀行の「信用」によって仮想的に裏付けられたものと言えます。タイトルの「仮想の換金」は、美術作品を取り巻く清濁入り混じった関心に端を発しながら、作品ひいては貨幣の価値の不確かさを指し示しています。本展は美術作品を取りまく機関や制度、市場などの環境と作家自身との距離感など、複数の視座をユーモラスに提示します。,"724,725"
,小山,京都市京セラ美術館,京都府,竹内栖鳳 破壊と創生のエネルギー,2023/10/7,2023/12/3,https://kyotocity-kyocera.museum/exhibition/20231007-20231203,竹内栖鳳は、近代京都の日本画界に最も大きな影響を与えた画家です。画壇革新を目指した明治期には、旧習を脱却した新たな日本画表現を模索し、西洋にも渡りました。技術が円熟に達した大正・昭和期には、画壇の重鎮として、第一線で活躍しながら多くの弟子を育成したことでも知られています。「写生」を重要視しながら、抜群の筆力で生き生きとした作品を生み出し、圧倒的な求心力で画壇をリードして、近代京都日本画の礎を作りました。現在では巨匠として多くに知られる存在ですが、そこへ至るためには、古い常識を破壊し、新たな地平を創生するエネルギーが不可欠だったのです。本展では、当館所蔵の重要文化財《絵になる最初》をはじめ、若手時代から円熟期まで、栖鳳の代表作を集めて展示し、一堂にその画業を振り返ります。栖鳳の挑戦をより明らかにするため、本画に加え、制作にまつわる写生や下絵、古画の模写など、様々な資料もあわせてご覧いただきます。作品約130点で栖鳳の奮闘を余すところなく振り返る、大規模回顧展です。,"216,721"
,小山,京都市京セラ美術館,京都府,井田幸昌展 Panta Rhei｜パンタ・レイ―世界が存在する限り,2023/9/30,2023/12/3,https://kyotocity-kyocera.museum/exhibition/20230930-20231203,井田幸昌にとって初めてとなる国内美術館での展覧会「Panta Rhei｜パンタ・レイ―世界が存在する限り」を開催いたします。本展覧会は、2023年7月22日から故郷である米子市美術館、9月30日から京都市京セラ美術館で開催される巡回展です。井田は、これまで「一期一会」をテーマとし、絵画作品を中心に制作してきました。移りゆく時のなかで存在する様々なもの・こと・ひとの存在。それらの関係性なくしてこの世界は成り立ちません。今、私たちが此所に存在し、ときに出会うことのできる奇跡。その一つ一つを拾い集め、自身の感じたリアリティを日々、画面に残しています。,720
,小田,橋本関雪記念館,京都府,白沙村荘秋季展　2023　「名品よ、再び。」,2023/11/3,202312/10,http://www.hakusasonso.jp/exhibition/detail/-2023.html,本展では、国内未発表作を含むこれまでの絵画作品、立体作品に加えて、絵日記のように日々綴る “End of today” シリーズ、そして最新の作品までを一同に展示いたします。展示する作品群は、井田の生きた軌跡でもあります。点から線へ、線から面へと広がり、さらに過去から未来への流れとなる井田の「変わり続けるもの」また「変わらないもの」を同時に感じていただけるでしょう。この時、この場所でしか出会えない力強い井田の芸術をご堪能いただける機会になれば幸いです。,"721,70,720"
,小田,泉屋博古館,京都府,中国青銅器の時代,2023/9/9,2023/12/10,https://sen-oku.or.jp/program/20230909_bronzxanimal/,住友コレクションと言えば、中国青銅器。今から3000年以上前の殷の時代から、中国では高度な鋳造技術が発達し、繊細で複雑な造形の青銅器が数多く生み出されました。その魅力を様々な角度から、4つの展示室のテーマに沿ってご紹介いたします。世界有数の呼び声も高い住友コレクションの中国青銅器、その精緻な美しさに是非触れてみてください。,"22,48,750,756,70"
,小田,泉屋博古館,京都府,表装の愉しみ －ある表具師のものがたり,2023/11/3,2023/12/10,https://sen-oku.or.jp/program/2023_thebeautymountings/,本展では当館所蔵の住友コレクションより、通常脇役とされる書画の表装にスポットをあて、その多彩な展開を紹介、そこにこめられた思いをさぐります。また表装の仕立や修理のほか、インテリアデザイナー、作家との仲介役など表具師の多岐にわたる活動を、住友家15代春翠と井口邨僊の交流を例にたどります。,"750,757,70"
,小田,野村美術館,京都府,茶碗 -茶を飲む器の変遷と多様性-,2023/10/21,2023/12/10,https://nomura-museum.or.jp/publics/index/16/,抹茶を飲用する茶文化が日本に伝来してから約八百年、茶の湯が成立してからほぼ五百年が経過しており、その間抹茶を飲用した器にはかなりの変遷があり、多様性があります。,"210,750,751,70"
,小田,京都大学総合博物館,京都府,,,,,,
,小田,京都工芸繊維大学美術工芸資料館,京都府,,,,,,
,小田,京都精華大学ギャラリーフロール,京都府,京都精華大学55周年記念展「FATHOM—塩田千春、金沢寿美、ソー・ソウエン」,2023/11/17,2023/12/28,https://gallery.kyoto-seika.ac.jp/exhibition/231117/,京都精華大学は開学55周年記念展として、塩田千春、金沢寿美、ソ―・ソウエンによる展覧会「FATHOM—塩田千春、金沢寿美、ソー・ソウエン」を開催します。,"70,720,750,757"
,小田,京都精華大学ギャラリーフロール,京都府,浜村満果 個展「9 Hours Sleep」,2024/1/17,2024/1/22,https://gallery.kyoto-seika.ac.jp/exhibition/240117a/,「眠り」という一見つかみどころのないテーマですが、作品を通して見えてくる、人の記憶が作り出した異世界を楽しんでいただければと思います。,"70,720"
,小田,同志社大学歴史資料館,京都府,,,,,,
,堤,京都市立芸術大学  芸術資料館,京都府,リニューアルオープン待ち,2024,,http://libmuse.kcua.ac.jp/muse/,,
,堤,平等院ミュージアム鳳翔館,京都府,開催中の特別展なし,,,,,
,堤,宇治市歴史資料館,京都府,写真・新聞で振り返る昭和28年災害,2023/9/16,2023/11/26,https://www.city.uji.kyoto.jp/soshiki/89/63661.html,昭和28年（1953）は、全国的に災害の多い年でした。南山城地域においても、8月の豪雨災害に続き、9月には台風13号によって宇治川が決壊し、宇治市をはじめとする広い地域が浸水しました。昭和28年災害から70年経った今、写真や新聞などから当時を振り返ります。,"20,210,39"
,堤,京都市青少年科学センター,京都府,やさしい、じっくり満喫プラネタリウム,2023/4/10,2024/3/25,https://www.edu.city.kyoto.jp/science/,,29
,堤,龍安寺,京都府,細川護熙筆「雲龍図」襖絵特別公開,2023/11/1,2024/3/31,http://www.ryoanji.jp/info_202302.html,令和5年(2023)春、細川護熙氏より、昨年の32面に引き続き、雲龍図襖絵8面が奉納されます。全40面の襖絵が完成し奉納されたことを記念し、本堂(方丈)にて雲龍図襖絵を特別公開いたします。時期によって公開する箇所や枚数が異なりますので、ご注意ください。,720
,堤,佛教大学宗教文化ミュージアム,京都府,企画展「拝まれてきた仏像―ふたたび拝まれる日をまつ―」,2023/10/28,2023/12/9,https://www.bukkyo-u.ac.jp/news/museum/20231003-26484.html,"2024年（令和6年）、浄土宗は開宗850年を迎える。この記念すべき年に向け、いま関係各所で慶讃事業の取り組みが進められている。　　　　　　　　　　　　　　　　　　

ところで浄土宗の歴史は、多くの苦難を乗り越え、また盛衰を経て今日まで続いてきた。そして、開宗850年を迎えようとするいまなお、苦境というべき一面がある。「寺院解散」である。これはひとり浄土宗のみの問題ではなく、社会情勢を含む仏教界全体の事情といえるかもしれない。法的には「宗教法人の解散」として進められる「寺院の消滅」。それにともなう、御本尊をはじめとする尊像・什宝の管理問題。

いま浄土宗には解散寺院から移管された仏像が保管されている。また解散寺院から浄土宗へ移管された仏像のなかには、罹災された他の寺院へ譲渡された事例があるという。本展では、この仏像群の展観を通じ、解散寺院をめぐる浄土宗の一面を照射したい。",210
,堤,嵯峨美術大学・嵯峨美術短期大学附属博物館,京都府,開催予定のイベントなし,,,,,
,原,小倉百人一首殿堂「時雨殿」,京都府,,,,,,
,原,博物館  さがの人形の家,京都府,,,,,,
,原,アサヒビール大山崎山荘美術館,京都府,,,,,,
,原,京都府立山城郷土資料館,京都府,,,,,,
,原,舞鶴引揚記念館,京都府,,,,,,
,原,京都府立丹後郷土資料館,京都府,,,,,,
,原,国立国際美術館,大阪府,,,,,,
,森本,中之島香雪美術館,大阪府,茶の湯の茶碗 その歴史と魅力,2023/9/23,2023/11/26,https://www.kosetsu-museum.or.jp/nakanoshima/,茶碗は、茶席において客が茶を直接的に飲む道具であることから、特に重要な茶道具として貴ばれてきました。またそれゆえに、時代ごとの茶の湯における美意識を如実に反映しています。,
,森本,大阪市立住まいのミュージアム,大阪府,,,,,,
,森本,公益財団法人藤田美術館,大阪府,護,2023/10/1,2023/12/28,https://fujita-museum.or.jp/exhibition/,降りかかる様々な災厄に苦しんだ人々は 神仏の加護を求め、祈りを捧げました。切なる願いを託された神仏は、今もなお、静かに私たちを見守っています。 ,
,森本,大阪城天守閣,大阪府,上方の家康,2023/10/7,2023/11/26,https://www.osakacastle.net/exhibition/specials/detail.html?id=151,本展では100点におよぶ多種多様な文化財を公開し、上方とのつながりや、上方での活動に焦点をあてることによって、家康の天下取りの実相に迫ります,
,森本,大阪歴史博物館,大阪府,なにわの考古学,2023/10/4,2024/1/8,https://www.osakamushis.jp/news/2023/naniwakoko2023.html,本展覧会では、住吉区山之内遺跡で出土した旧石器時代から縄文時代にかけての狩猟具、JR新大阪駅付近にある西中島７丁目所在遺跡B地点で見つかった古代～中世の建物跡と土器群、中世の信仰をうかがうことのできる浪速区浪速東遺跡出土の杮経こけらきょうなどを展示します。,
,森本,公益財団法人湯木美術館,大阪府,大名家の茶道具－細川三斎、片桐石州から柳沢尭山まで－,2023/10/18,2023/12/10,http://www.yuki-museum.or.jp/exhibition/,本展では武家の茶に注目し、大名家にゆかりのある茶道具を中心に展示いたします,
,森本,大阪市立美術館,大阪府,,,,,,
,小西,大阪市天王寺動物園,大阪府,秘密のジュウイSHOW,2023/11/3,2023/11/10,https://www.tennojizoo.jp/event/,・獣医師の仕事に関するパネル・写真展示・動物治療用器具の展示・共同研究の紹介,"48,64"
,小西,あべのハルカス美術館,大阪府,安野光雅展,2023/9/16,2023/11/12,https://www.aham.jp/exhibition/future/annomitsumasa2023/,島根県津和野町に生まれた安野光雅（1926―2020）は、半世紀以上にわたり画家、絵本作家、装丁家として多彩な活躍を続けました。その独創的な作品は国内外で高い人気を得ています。本展では、絵本のデビュー作『ふしぎなえ』から、近年の大作『繪本 三國志』まで、やさしく、美しく、ユーモアと不思議にあふれた安野ワールドを紹介します。,"720,721"
,小西,海遊館,大阪府,視点転展,2023/10/8,2024/1上旬,https://www.kaiyukan.com/shitententen/,見え方、感じ方の多様性を知る「比較のエリア」、多様な見え方・感じ方を疑似体験する「体験のエリア」。そして、多様な命のリズムを感じる「リズムのエリア」。3つのエリアで新しい「視点」に「転」する特別展,48
,小西,一般財団法人  日本工芸館,大阪府,,,,,,
,小西,大阪市立東洋陶磁美術館,大阪府,,,,,,
,小西,大阪市立科学館,大阪府,プラネタリウムの歴史と大阪,2023/8/30,2023/11/5,https://www.sci-museum.jp/event/,丸い天井に本物そっくりの星空を映し出すプラネタリウムは、1923年にドイツで誕生し、今年で100周年を迎えます。また、今から86年前の1937年には、大阪市立電気科学館に日本最初のプラネタリウムが登場しました。本展では、誕生から現在まで発展を続けるプラネタリウムの歴史を概観するとともに、大阪に登場した日本初のプラネタリウムや電気科学館の活動、今に受け継がれた伝統を紹介します。,"20,50,67"
,小西,大阪市立自然史博物館,大阪府,こどものためのジオ・カーニバル,2023/11/4,2023/11/5,http://www.omnh.net/whatsnew/2023/09/post_573.html,最近、身近に起こる自然災害とその防災、こどもの興味を引く新しい化石の発見や宇宙開発など、地学に関する話題には、枚挙にいとまがありません。また、理科教育とそれをとりまく状況が大きく変化していくなか、地学教育は今こそ、こどもたちの興味・関心を中心に考え、同時に環境問題との強い関連性や防災教育の必要性が考慮されるべきだと思われます。わたしたちはこの「こどものためのジオ・カーニバル」での、天文・気象・地質・環境・防災などの実験・実習や展示を通して、将来を担う“こども”たちに地学への興味・関心を高めてもらうとともに、自然現象を「いかに観るか」、「いかに考えるのか」という姿勢を育成したいと考えています。これまでの２０年間を超える実績を踏まえ、今回もこどもたちだけでなく、より多くの人々に地学教育の存在意義や重要性を理解していただき、地学教育の基本理念を訴える場として、準備を進めております。,"40,44,45"
,齊藤,大阪人権博物館,大阪府,,,,,,
,齊藤,財団法人奥内陶芸美術館,大阪府,,,,,,
,齊藤,日本民家集落博物館,大阪府,,,,,,
,齊藤,公益財団法人逸翁美術館,大阪府,楽しい茶の湯　タノシイチャノユ,2023/9/23,2023/12/17,httpu-bunka.or.jp/itsuo-museum/exhibition/2023/09/23/post_3/003263/s://www.hanky,侘びてるばかりが茶の湯じゃない。楽しい茶の湯が好いですね。ムッツリ黙々のお茶はつまらない。ニッコリ歓談しながらお茶をいただこう。先人たちが伝えたお道具にもこんな面白い物がある。剽軽な姿、華やかな彩り、見てるだけでも笑みが浮かぶ。意表を突いた見立てや、機知に富んだ命銘も、創意工夫の見せ所だ。趣向を凝らして茶会を準備する、亭主の心延えもまた楽し。思いもよらぬ取り合わせで、一期一会のお客様を喜ばす。そんな茶会を楽しんでいたのは、誰よりも小林逸翁本人でした。さあアナタもタノシイチャノユ展に、どうぞお出かけください。,"70,750"
,齊藤,吹田市立博物館,大阪府,大坂好みを描く　呉春から孔寅・芳園へ,2023/10/14,2023/11/26,https://www.suita.ed.jp/hak/moy/moy1.html,与謝蕪村や円山応挙に学んだ呉春（1752〜1811）とその門下を指す「四条派」は、彼らが京都四条通り周辺に居を構えていたため、その名が付きました。江戸後期になると、呉春に学んだ四条派画人・長山孔寅（1765〜1849）が大坂で活躍し、弟子の上田耕冲（1819または1820〜1911）、息子の耕甫（1860〜1944）らが画風を受け継ぎます。呉春の弟・松村景文（1779〜1843）を師とした西山芳園（1804〜1867）・完瑛（1834〜1897）父子とその弟子たちは「西山派」と呼ばれ、四条派をルーツにしながらも、近世大坂の賑わいや風景をモチーフとし、瀟酒な画風に独自性があることから、最近は大坂の地名にちなんで「船場派」という名称も提起されています。大坂を拠点とした四条派画人の作品は、日常に溶け込む静謐さがあり、多くの画商や料亭の床の間飾りとして愛されました。吹田の旧家に伝わる作品もあります。本展では、江戸後期から明治に至る大坂の四条派の流れを、起点となる呉春らの作品とともに約40点展示いたします。彼らが描くあっさりとした当時の「大坂好み」をお楽しみください。,"70,720"
,齊藤,関西大学博物館,大阪府,,,,,,
,齊藤,高槻市立しろあと歴史館,大阪府,特別展「高槻城主列伝」,2023/10/14,2023/12/10,https://www.city.takatsuki.osaka.jp/site/history/102512.html,戦国時代の永禄12年(1569)頃、室町幕府将軍足利義昭・織田信長配下の和田惟政は、本拠を芥川城から高槻城へ移しました。惟政と、その後に城主となった高山飛騨守・右近父子は、高槻城とその城下を整備します。豊臣秀吉は京阪間の要衝として、高槻を直轄地とし、羽柴秀勝、新庄直頼らが城主となりました。大坂の陣による豊臣家滅亡後、徳川幕府は高槻城を大規模に改修し、畿内・西国支配の拠点の1つとしました。その後、城主は松平家信・康信、岡部宣勝など、幕府の信頼が厚い譜代大名が務めました。慶安2年(1649)、永井直清が3万6千石で城主となって以降、明治4年(1871)の廃藩置県まで、永井家が13代にわたり高槻城主を務めました。この特別展では、戦国時代から廃藩置県までの歴代の高槻城主を、肖像画や関連する古文書、ゆかりの刀剣・甲冑などを通じて紹介します。,"210,28,09"
,大野,あくあぴあ芥川（高槻市立自然博物館）,大阪府,鳥の羽根のふしぎ,2023/10/21,2024/1/21,https://aquapia-akutagawa.blog.jp/,どの鳥でも飛ぶための構造は同じ。拾った羽根を調べるには、形を観察することが大切です。この展示では様々な羽根を展示し、見比べてみます。あわせて、人が鳥の羽根を飾りや道具として利用されていることも紹介します。,
,大野,高槻市立今城塚古代歴史館,大阪府,たかつき発掘-遺跡が語る高槻の歴史-　,2023/10/14,2024/6/2,https://www.city.takatsuki.osaka.jp/site/history/list8.html,本市には数多くの遺跡が所在し、旧石器時代以来の人々の営みをたどることができます。大王墓・今城塚古墳や環濠集落・安満遺跡をはじめ、旧石器時代の郡家今城遺跡や弥生時代の古曽部・芝谷遺跡、戦国時代と江戸時代の芥川城や高槻城は、全国的にも広く知られる遺跡です。本展は、市内に所在する各時代を代表する遺跡と、発掘調査で出土した資料を通して、教科書に載る歴史的な出来事の裏で、高槻の地では何が起こっていたか、遺跡（場所）と、遺された考古資料（モノ）から高槻の歴史を概観します。,
,大野,司馬遼太郎記念館,大阪府,作家の道へ―司馬遼太郎と「近代説話」,2023/5/16,2024/2/18,https://www.shibazaidan.or.jp/exhibition/,前回の企画展「司馬遼太郎の視点」につづいて生誕100年パートⅡというイメージで、今回は、新聞記者時代の本名から作家・司馬遼太郎へ移っていく時代に焦点をあてます。司馬遼太郎は「ペルシャの幻術師」で講談倶楽部賞を受賞したあと、作家・寺内大吉氏とともにユニークな同人雑誌「近代説話」を発足させました。「近代説話」は、司馬遼太郎のほかに、寺内大吉、黒岩重吾、伊藤桂一、永井路子、清水正二郎（胡桃沢耕史）の各氏ら直木賞作家を多く輩出したことでも知られます。企画展ではこの時代の司馬作品がどのようなものだったのか、同人作家、「近代説話」の創刊を支援された今東光、海音寺潮五郎、源氏鶏太、藤澤桓夫の各氏らとのかかわりも交えて、司馬遼太郎誕生のころの雰囲気を伝えられたら、と考えています。,
,大野,大阪商業大学商業史博物館,大阪府,学びのひき出し―谷岡記念館40周年を記念して―　,2023/11/13,2023/12/23,https://ouc.daishodai.ac.jp/museum/event/exhibition/　,本館は設立以来、大阪の商業史や郷土史に関する資料の収集し、保存と公開を行っています。近年は商家の生業と絵師や文人との関係、そこから見えてくる文化受容の独自性を紹介するなど、大阪についてのより深い理解を促す企画を展開し、「何故大阪が全国物資輻輳の地となり、天下の台所として経済的繁栄を築き得たのか」という点に光を当ててきました。開館40周年を記念して開催する本展では、前述の趣旨を踏まえ、近年収集した未公開資料のなかから、西山芳園、西山完瑛、上田耕冲、佐藤保大などの大阪画壇の絵師による作品、高麗橋の呉服店・岩城升屋の資料、小山団扇、戦前の映画館プログラムなど約40点を展示します。本館の多種多様な収蔵品と活動の一端をご覧いただくことにより、皆さまの学びを引き出す一助となることを願っています。常設展示とあわせて、ぜひご覧ください。,
,大野,東大阪市立郷土博物館,大阪府,,休館中,,,,
,大野,八尾市立歴史民俗資料館,大阪府,恩智遺跡－八尾で最も古いムラ－,2023/10/28,2023/12/25,http://www17.plala.or.jp/yaorekimin/02_exhibition/exhibition_project.html,昭和４０年代に行なわれた恩智川改修に伴う発掘調査成果を中心に、八尾で最も古いムラである恩智遺跡を紹介します。,
,大野,大阪大谷大学博物館,大阪府,おくすり大百科　目指せ！おくすり博士　歴史編,2023/10/2,2023/11/25,https://www.osaka-ohtani.ac.jp/facilities/museum/event.html　,「医薬品、医療機器等の品質、有効性及び安全性の確保等に関する法律」の改正で「国民は、医薬品等を適正に使用するとともに、これらの有効性及び安全性に関する知識と理解を深めるよう努めなければならない」と国民の役割が明記され、学校教育における医薬品教育の重要性が明確になりました。昨年、本学薬学部が日本ジェネリック製薬協会の小学生向け動画「おくすり大百科　目指せ！おくすり博士」の製作に参画する機会に恵まれました。「おくすり大百科　目指せ！おくすり博士」ではくすりの歴史を中心に、くすりの作り方やジェネリック医薬品について学ぶことができます。この特別展ではその内容に沿って、内藤記念くすり博物館と甲賀市くすり学習館からお借りした実物資料などを展示しています。小学生だけでなく、中学生から大人まで楽しめる内容のほか、特別に「忍者とくすり」について紹介するコーナーを設けました。ぜひ、ご家族で楽しみながら「おくすり」の歴史を知ってもらえれば幸いです。,
,木村,大阪府立近つ飛鳥博物館,大阪府,知られざる南河内－地域に眠る遺跡たち－,2023/10/14,2023/12/17,https://chikatsu-asuka.jp/exhibition/4590/,"大阪府立近つ飛鳥博物館が所在する南河内郡（河南町・太子町・千早赤阪村）は、大阪府の南東部、奈良県に隣接する位置にあります。郡内には最古の官道とされる竹内街道が通る竹内峠、奈良県の御所地域につながる水越峠などがあり、古来より大和へ至る交通の要衝と考えられます。また、隣接する富田林市の一部は石川の流域にあたります。郡内を流れる河川が石川に注ぎ込むことから、石川を利用した河川交通と大和をつなぐ陸上交通の結節点としても、南河内が果たした役割は大きいと考えてよいでしょう。

この地域では、河南町に全国的にも珍しい双円墳の金山古墳、太子町には飛鳥時代の王族たちの眠る磯長谷古墳群、千早赤阪村には鎌倉時代から南北朝時代に活躍した楠木正成の城跡、そして富田林市には全国有数の富田林寺内町など、時代を問わず様々な文化財をみることができます。

今回の企画展では、博物館の所在する南河内郡および富田林市の石川流域に焦点を当て、それらの地域に眠る、知られざる遺跡とそこから出土した考古資料を紹介します。この展示がきっかけとなり、当地域の歴史や文化について興味を持っていただければと思います。","212,214"
,木村,大阪芸術大学博物館,大阪府,,,,,,
,木村,財団法人小谷城郷土館,大阪府,,,,,,
,木村,シマノ自転車博物館,大阪府,特別展『ロードバイクの進化』展―より速く、挑戦の歴史―,2023/5/20,2024/3/31,https://www.bikemuse.jp/press/20230520/,"1日で200ｋｍ以上走ることもあるロードレース。
選手は、天候や地形の変化に苦しみながらゴールを目指します。少しでもライバルに差をつけたい、少しでも早くゴールに着きたい。ロードバイクの進化には、そんな選手の思いだけでなくレースを支える様々な人々の情熱が注がれてきました。
今特別展では、日本でロードレースが盛んになるきっかけとなった東京オリンピックが開催された60年代から現在までを「近代化の時代」、そして「挑戦の時代」「科学の時代」の３つに分けることで、進化の過程を解りやすく表現しています。
それぞれの時代に最高の技術と知識が投入された機材の変遷を垣間見ることで、ロードバイクの進化の一端をお伝えできれば幸いです。","50,78"
,木村,堺市博物館,大阪府,都市の祈り　住吉祭と堺,2023/11/3,2023/12/17,https://www.city.sakai.lg.jp/kanko/hakubutsukan/exhibition/kikaku_tokubetsu/citysprayers.html,"　関西の夏祭りを代表する住吉大社の住吉祭は、「おはらい祭り」とも呼ばれます。この祭りでは、かつては6月晦日、現在では8月1日に、住吉大社から堺へ神輿が渡り、堺の御旅所で祓（はらえ）の神事がおこなれます。これは、堺が住吉大社と深い関わりを持ちながら都市として発展した歴史に由来するものと考えられます。
　当館所蔵「住吉祭礼図屏風」（江戸時代前期）は、この堺への神輿渡御を描くもので、商家が軒を連ねる堺の町をにぎやかな行列が通るようすなど、見どころの多い絵画作品です。
　本展では、同じく住吉祭の神輿渡御を描いた、アメリカのサンフランシスコ・アジア美術館所蔵「住吉祭礼図屏風」を日本で初公開します。長らくアメリカにあったためこれまで注目されなかった作品ですが、このたび日本で保存修理がおこなわれたのをきっかけとして、当館で紹介できることになりました。
　これら二つの屏風をはじめとして、住吉祭を描く絵画のほか、関連資料など約60件を展示します。住吉祭と堺との長い歴史に思いを馳せるとともに、古い絵画のなかに描かれた祭りの見物を楽しんでいただければ幸いです。","17,38"
,木村,大阪府立弥生文化博物館,大阪府,泉州地域の食とくらし－大阪産(もん)の宝庫－,2023/10/14,2023/12/17,https://yayoi-bunka.com/exhibition/613/,"・古くは茅渟(チヌ)と呼ばれた大阪府南部の泉州地域。その前面に広がる海は多くの魚介類の産地であり、また、海産物のほか、水ナス、玉ネギ、春菊など多くの特産品があります。本展示では、「大阪産(もん)の宝庫」である泉州地域の食材や食文化を紹介し、その魅力を発見します。
・専門家や地元の生産者による関連講演会を開催するほか、学芸員による展示解説を行います。
・開催期間中の１１月２３日(木・祝）には、ＪＡ全農大阪協力のもと、泉州産の野菜を販売するマルシェイベントを開催します。",66
,木村,和泉市久保惣記念美術館,大阪府,,,,,,
,中野,公益財団法人正木美術館,大阪府,,,,,,
,中野,きしわだ自然資料館,大阪府,,,,,,
,中野,泉佐野市立歴史館いずみさの,大阪府,,,,,,
,中野,神戸市立博物館,兵庫県,,,,,,
,中野,竹中大工道具館,兵庫県,,,,,,
,中野,兵庫県立美術館,兵庫県,,,,,,
,中野,神戸市立森林植物園,兵庫県,,,,,,
,上田,有馬切手文化博物館,兵庫県,イギリス切手 1952-2022,2023/10/12,2023/12/25,https://www.kitte-museum-arima.jp/index.html,切手文化博物館では、イギリスで1952年から2022年にかけて発行された切手の中から、エリザベス女王やイギリス王室に関する切手のほか、各年に発行されたイギリスの宮殿や風景、動植物を描いた記念切手等を展示いたします。1952年から2022年は、昨年崩師されたエリザベス女上が在位した70年間にあたります。この間には、エリザベス女王の即位40年、50年の各年を記念した切手や生誕を記念した切手の他、ウィリアム王子とキャサリン妃のご成婚を記念した切手や1997年に亡くなったダイアナ妃を追悼した切手などが発行されました。これらのイギリス王室に関した切手以外にも、パッキンガム宮殿などの有名な建築物や、動植物を描いた切手、最近では人気のある映画を題材とした切手も数多く発行されています。こうした様々な類の切手の中から記念切手を中心に約1200点を展示いたします。せひご覧ください。,"09, 73, 83"
,上田,神戸市立須磨海浜水族園,兵庫県,2023年5月31日をもって閉館,,,,,
,上田,南あわじ市立滝川記念美術館玉青館,兵庫県,海と大地と弥生人－大いなる自然への祈り－,2023/10/4,2023/12/3,https://www.city.minamiawaji.hyogo.jp/soshiki/gyokuseikan/main.html,自然は我々人類に多くの恵みを与えてくれる一方で、恐怖をもたらす存在です。人知では計り知ることのできない大いなる自然の力は、弥生時代の人々にとって祈りの対象へと繋がっていったことは想像に難くありません。しかし、その頃の祈りの精神については、残念ながら文字資料から辿る事はできないため、我々現代人は出土資料からそれを推測するしか手立てはありません。弥生時代の祀りや祈りに使われた道具として銅鐸をはじめとした青銅器がありますが、他にも木製・土製・石製の資料が発見されていて、実はバラエティに富んでいます。本展では、弥生時代の人々にとって日常生活の中において大切な行為であった「祀り」、そして「祈り」とはどんなものであったのか、海や大地に何を願ったのか、各地から出土した資料をもとにその実像に迫っていきます。,"210, 38"
,上田,六甲オルゴールミュージアム,兵庫県,森の音ワンダークリスマス2023,2023/11/24,2023/12/25,https://www.rokkosan.com/museum/,当フェア期間中は「演奏家のいないクリスマスコンサート」と題し、ヘルンフートの星やLEDろうそくなどの温かみのあるイルミネーションに囲まれた空間で、アンティーク・オルゴールやバイオリンなどの自動演奏楽器で賛美歌やクリスマスソングなどを演奏します。,76
,上田,六甲高山植物園,兵庫県,原種シクラメンとダイヤモンドリリー展,2023/9/30,2023/11/23,https://www.rokkosan.com/hana/,園芸植物として親しまれている「シクラメン」の原種と、光を受けるとキラキラ輝く「ダイヤモンドリリー」の別名を持つネリネの企画展を開催いたします。園内にて原種シクラメンの群落と鉢植え展示をご覧いただける他、あわせて西入口前にて苗の販売も同時開催いたします。,62
,上田,神戸市立王子動物園,兵庫県,チンパンジー企画展「歴史を彩った王子動物園のレジェンドたち」,2022/3/11,期限なし,https://www.kobe-ojizoo.jp/,神戸市立王子動物園では、2022年3月11日から、チンパンジーの企画展「歴史を彩った王子動物園のレジェンドたち」を開催しています。今回の企画展は開園70周年を記念して開催するもので、これまで国内で飼育されてきた800頭近いチンパンジーの中でも長寿10頭に入る当園のレジェンドたち3頭を、等身大フィギュア、パネルや掲示物などで振り返ります。,48
,上田,神戸市立小磯記念美術館,兵庫県,小磯良平生誕120年　働く人びと,2023/10/07,2023/12/17,https://www.city.kobe.lg.jp/kanko/bunka/bunkashisetsu/koisogallery/index.html,「働く人」をテーマに作品を特集します。小磯良平は、画業最大の作品《働く人びと》（1953年、194.0×419.0cm）をはじめとし、50年代を通じて「働く人」を描いた絵画を発表しました。本展では、小磯の生誕120年を記念して、小磯が「働く人」を描いた一連の作品が一堂に会します。また、戦後から現代にいたるまでのさまざまな芸術家の作品から、「働く人」がどのように表現されてきたのかを探ります。,"36, 720"
,松本(将),香雪美術館,兵庫県,,休館中,,https://www.kosetsu-museum.or.jp/mikage/,,
,松本(将),白鶴美術館,兵庫県,秋季展「中国陶磁の植物文」「アナトリア絨毯の植物文」,2023/9/20,2023/12/10,https://www.hakutsuru-museum.org/,白鶴コレクションより、中国の等式を彩る植物文を中心に紹介しながら、作品の特徴を捉えていく展示とします。中国には吉祥を表す文様が多く描かれます。常緑の松は長命を寿ぐ象徴として、描かれてきた図像でしょう。植物文のなかで柘榴や唐草文なども繁栄を願う文様です。その他、時代を超えて描かれてきた富貴な牡丹や清廉な蓮、優雅な文人を表す梅など。中国陶磁器の各作品から植物文様の装飾性とイメージを見ていきます。,"92,751"
,松本(将),芦屋市立美術博物館,兵庫県,,,,https://ashiya-museum.jp/,,
,松本(将),滴翠美術館,兵庫県,秋季特別展「茶会に招かれて」,2023/9/12,2023/12/10,http://www.tekisui-museum.biz-web.jp/,本秋季展では展示室を茶室に見立て、濃茶席、薄茶席の道具組を中心にご紹介します。滴翠翁・山口吉郎兵衛遺愛の茶道具を通して、茶会をより身近に感じていただければ幸いです。,38
,松本(将),俵美術館,兵庫県,,,,https://tawara-museum.or.jp/,,
,松本(将),尼崎市立歴史博物館,兵庫県,,,,https://www.city.amagasaki.hyogo.jp/manabu/bunkazai_0/index.html,,
,松本(将),公益財団法人堀江オルゴール博物館,兵庫県,常設展,2023/10/1,2023/12/24,http://www.orgel-horie.or.jp/main/,"兵庫県西宮市苦楽園の閑静な住宅街にひっそりと建つ当館は、ヨーロッパの王侯貴族の雰囲気を今に伝える旋律のアンティークの館として親しまれています。
１９９３年に故堀江光男氏が収集した貴重なアンティークオルゴールの一般公開を始め、その後１９９７年に財団法人となり博物館の認定を受けます。２０１４年４月より、公益財団法人として登録されました。
欧米から集められた１９世紀から２０世紀初頭にかけてのシリンダーオルゴールや、ディスク型オルゴール、自動演奏楽器を約３６０台所有しており、それらを日に3回時間を決めて公開しています。時を越えて奏でる旋律に耳を傾けてみて下さい。
",16
,三澤,白鹿記念酒造博物館,兵庫県,,,,,,
,三澤,西宮市貝類館,兵庫県,,,,,,
,三澤,西宮市立郷土資料館,兵庫県,,,,,,
,三澤,公益財団法人西宮市大谷記念美術館,兵庫県,,,,,,
,三澤,辰馬考古資料館,兵庫県,,,,,,
,三澤,関西学院大学博物館,兵庫県,,,,,,
,三澤,伊丹市昆虫館,兵庫県,,,,,,
,関原,柿衞文庫,兵庫県,,,,,,
,関原,伊丹市立博物館　市立伊丹ミュージアムに移転したそうです。,兵庫県,牛腸茂雄 写真展 “生きている”ということの証,2023/11/3,2023/12/24,https://itami-im.jp/exhibitions/%e7%89%9b%e8%85%b8%e8%8c%82%e9%9b%84-%e5%86%99%e7%9c%9f%e5%b1%95-%e7%94%9f%e3%81%8d%e3%81%a6%e3%81%84%e3%82%8b%e3%81%a8%e3%81%84%e3%81%86%e3%81%93%e3%81%a8%e3%81%ae%e8%a8%bc/,本年に没後40年を迎え、『牛腸茂雄全集』（赤々舎）が刊行されるなど注目を集める写真家、牛腸茂雄（1946-83）の回顧展を開催します。新潟県に生まれた牛腸は、3歳で胸椎カリエスを患い、長期間にわたって下半身をギプスで固定される生活を余儀なくされたことから成長が止まり、生涯、ハンディキャップとともに生きていくこととなりました。10代からデザインの分野で非凡な才能を見せた牛腸にとって大きな転機となったのが、高校卒業後にデザイナーを志して進学した桑沢デザイン研究所で大辻清司と出会ったことでした。大辻は戦後写真史に重要な足跡を残した写真家であるとともに、新しい世代の礎となる才能を数多く見出した優れた教育者でもありました。「もしこれを育てないで放って置くならば、教師の犯罪である、とさえ思った」と、牛腸の才能を見出した大辻の説得により、牛腸は写真の道を歩むこととなったのです。レンズを通して見つめる新たな世界を獲得した牛腸は、憑かれるように創造の世界に没頭しました。そして、限られた命であることを自覚し、「”生きている”ということの証」として写真集の制作に力を注ぎました。何気ない日常で出会った子どもたち、家族、友人と、静逸で淡々とした作品の奥からこちらを見つめる被写体のまなざしは、写真を通して「自分と世界との関わり」を探求しつづけた牛腸のポートレイトでもあります。そこには、日々のなかで「見ること」と「見られること」、「自己」と「他者」との関係性を意識してきた牛腸の深い洞察と、常にはじめて世界を見たような初々しさとが共存しています。本展では、生前に制作された写真集『日々』1971年、『SELF AND OTHERS』1977年、『扉をあけると』1980年、『見慣れた街の中で』1981年に収録された作品と、未完に終わった『幼年の「時間(とき)」』の作品、関連資料など約200点を展示し、牛腸のまなざしに迫ります。,
,関原,鉄斎美術館,兵庫県,【小企画展】鉄斎―故事をえがく―,202311/9,2023/12/19,http://www.kiyoshikojin.or.jp/tessai_exhibition/,若い頃より学者を志し博学多識であった富岡鉄斎（１８３６～１９２４）は、渉猟した万巻の書物から画題を得て多彩な作品を生み出しました。「わしの画を見るときはまず賛を読んでほしい」と語るほど賛文を重要とした鉄斎が引用する題材は、中国・日本の故事・伝説はもとより、限られた文献を典拠とした逸話など多岐にわたります。また、敬慕する聖賢や神仏については各地に伝わる遺像や諸書の挿図、拓本などを探索することで、個性的で表情豊かな人物像を表現しました。,
,関原,大阪青山歴史文学博物館,兵庫県,,,,,本展では、王羲之が文士たちと蘭亭で会した故事に由来する《蘭亭曲水図》や豊臣秀吉が京都北野で催した茶会に取材した《北野大茶湯図》などをご紹介します。,
,関原,玄武洞ミュージアム,兵庫県,,,,,,
,関原,兵庫県立人と自然の博物館,兵庫県,企画展「妖怪と自然の博物展」,2023/7/1,2024/1/8,https://www.hitohaku.jp/exhibition/planning/yokai2023.html,本企画展「妖怪と自然の博物展」では、伝統的に地域で語られてきた妖怪を「自然環境」の視点から見つめなおしてみます。動物や植物、地質、自然災害などの標本・資料を展示し、それらが妖怪・怪異として語られる様々な事例や背景をパネルにより紹介・解説します。,
,関原,兵庫陶芸美術館,兵庫県,日本工芸会陶芸部会50周年記念展 未来へつなぐ陶芸ー伝統工芸のチカラ,2023/9/9,2023/11/26,https://www.mcart.jp/exhibition/e3502/,我が国が誇る工芸技術「陶芸」は、時代とともに技法や表現が多様化し、現代まで著しく進化を遂げてきました。とりわけ昭和戦後期以降には、陶芸の創作活動が活発化し、意欲的な作品が次々と発表されています。1950年に陶芸をはじめ様々な分野の工芸技術の保存と活用を目的に、文化財保護法が施行され、その５年後の文化財保護法改定を機に「日本工芸会」が発足しました。日本工芸会は重要無形文化財保持者（いわゆる人間国宝）を中心に、各分野の伝統工芸作家や技術者らで組織され、「日本伝統工芸展」を中心に作品を発表。そして1973年には同会陶芸部会所属の作家による「第１回新作陶芸展（陶芸部会展）」が開催され、現在に至っています。,
,松田,但馬国府・国分寺館,兵庫県,豊岡の幕末・維新,2023/9/30,2024/1/16,https://www3.city.toyooka.lg.jp/kokubunjikan/html/exhibit57.html,本展は日本工芸会陶芸部会50周年を記念した展覧会であり、同会で活躍した作家の秀作とともに、その活動の歴史を振り返るものです。歴代の人間国宝の作品をはじめ、窯業地ならではの素材と伝統を受け継いだ作家らによる作品や茶の湯のうつわなど、伝統工芸の技と美を紹介します。さらに、未来を担う若手作家らの作品も見どころの一つと言えるでしょう。現代陶芸の今に焦点を当てた本展では、陶芸部会所属作家を中心に、それ以外の作家の作品を含めた137名の作家による作品139点を展覧します。,
,松田,城崎マリンワールド,兵庫県,,,,,,
,松田,兵庫県立歴史博物館,兵庫県,開館40周年記念企画展「ひょうご五国のやきもの」,2023/9/23,2023/11/26,https://rekihaku.pref.hyogo.lg.jp/exhibition/14137/,ひょうご五国（摂津、播磨、但馬、丹波、淡路）の各地では古くから様々な陶磁器が焼かれ、その作品や技の一部は現在まで受け継がれてきました。これらについて当館のコレクションを中心に紹介します。各地の多彩なやきものや、それらを生み出した兵庫県各地の魅力に触れていただければ幸いです。,
,松田,姫路市立美術館,兵庫県,チームラボ 無限の連続の中の存在,2023/10/21,2024/1/21,https://www.city.himeji.lg.jp/art/0000024669.html,チームラボは、自分と世界とのあらゆる境界が取り払われた「ボーダレス」な世界に目を向け、アートによって人類の世界認識を変えようとしています。自分が立つ現実世界と、目の前に展開する作品世界の時空がつながるアート空間 ー超主観空間ー に“没入”する経験を通じて、鑑賞者はこの世界が連続性の上に成り立っていることを身体的に認識することができます。近年、チームラボの探求はさらに深化を遂げ、「生命とは何か」というテーマのもと、「私という存在は、心と体とそれらと連続する環境によって創られている」という考えを表す作品を次々発表しています。生物と無生物との境界をも超える認識へと鑑賞者を導くチームラボのアートの現在地を、前期・後期の展示替えを通して長大なスケールで展開します。,
,松田,姫路市立動物園,兵庫県,,,,,,
,松田,姫路文学館,兵庫県,司馬遼太郎生誕百年　企画展「小林修写真展　司馬遼太郎『街道をゆく』の視点　－歩いた風土、見抜いた時代－」,2023/10/7,2023/11/26,http://www.himejibungakukan.jp/events/event/kobayashiosamu2023/,司馬さんが伝えようとした言葉とシンクロする、普遍性を持った風景に出会う瞬間があるのだ。（小林修）小林修氏は「週刊朝日」で連載されていた「司馬遼太郎シリーズ」の写真を17年にわたり担当し、作家司馬遼太郎氏の作品世界を表現しつづけているカメラマンです。司馬氏のライフワーク『街道をゆく』の最後の担当であった村井重俊氏とともに司馬作品ゆかりの地を取材し、その原風景を撮りつづけてきました。本展は、小林氏が長年にわたり撮り重ねてきた膨大な写真群のなかから厳選した約百点を展示します。写真のテーマは『街道をゆく』をメインにすえて、同作において時空を自在に行き交い、時代をするどく見抜いた司馬氏の思索と密接なつながりをもつ『坂の上の雲』『竜馬がゆく』『播磨灘物語』などの小説、『この国のかたち』ほかのエッセイなどにも広がっています。東京六本木のフジフイルムスクエア、富士フイルムフォトサロン大阪の展覧会において展示した写真に、姫路文学館では播磨関連の写真を加えています。司馬作品の世界に共鳴する小林氏の写真の魅力をどうぞご堪能ください。,
,松田,姫路市立水族館,兵庫県,企画展「飼育係がとらえた！決定的瞬間！」,2023/10/28,2023/12/25,https://www.city.himeji.lg.jp/aqua/0000017317.html,令和5年10月28日（土曜日）から「飼育係がとらえた！決定的瞬間！」を開催いたします。主に当館で飼育している生きものの摂餌、休息、闘争、求愛、誕生、保護、変態など、生きもののさまざまな豊かな表情を、映像や写真などを通して紹介し、身近な生きものや自然の魅力を再発見していただくといった内容です。,
,小松原,太子町立歴史資料館,兵庫県,絵図から見る人々のくらし,2023/10/28,2023/12/17,https://www.town.hyogo-taishi.lg.jp/soshikikarasagasu/rekisisiryo/planningexhibition/1426576980734.html,太子ゆかりのまちで、ふるさとづくりに歴史的遺産を役立ててもらうために開館した歴史資料館は、令和5年に開館30周年を迎えます。この節目を記念して、太子町及びその周辺の土地の利用や用水の状況を描いた絵図を、新資料を含めて展示します。,
,小松原,姫路科学館,兵庫県,第59回 姫路市児童生徒科学作品展　調査研究の部,2023/10/28,2023/11/19,https://www.city.himeji.lg.jp/atom/tokuten/archive/23sakuhinten/index.html,姫路市や近隣町の小中学生が、夏休みにがんばって取り組んだ工作や自由研究を展示します。未来の科学者の作品を会場で見よう！,
,小松原,明石市立天文科学館,兵庫県,プラネタリウム展,2023/10/21,2023/12/3,https://www.am12.jp/tokuten/,,
,小松原,兵庫県立考古博物館,兵庫県,駅家発掘！－播磨から見えた古代日本の交通史－,2023/9/30,2023/12/3,https://www.hyogo-koukohaku.jp/modules/exhibition/index.php?action=PageView&page_id=82,"日本が本格的な国家建設に取りかかった1,300年前、奈良の都と九州の大宰府を結ぶ山陽道沿いには、行き交う使者が馬を乗り継ぐ「駅家」という施設が建設されました。播磨の駅家は遺跡から所在を推定できるものが多く、当館では開館以来継続的に発掘調査を実施しています。この全国最先端の調査研究により、文献に記された駅家の遺構が現地で次々と見つかるなど新たな発見がありました。本展では、県内および山陽道各地の調査事例をもとに、古代の交通インフラの実態を紹介します。",
,小松原,小野市立好古館,兵庫県,お堂の道具あれこれー小野市文化財悉皆調査速報展2ー,2023/10/7,2023/12/3,https://www.city.ono.hyogo.jp/soshikikarasagasu/kokokan/kaisaiitiran/tokubetuten/12007.html,令和3年度と4年度にかけて、市内の仏堂（仏像などを安置する村の建物）に保存されている文化財を全て調べました〈悉皆(しっかい)調査〉。そこで、数ある文化財の中から、お堂でむかしから使われてきた香時計や掛軸などを約25点紹介します。この機会に、わが町の歴史・文化を再発見してみませんか。,
,小松原,日本玩具博物館,兵庫県,世界のクリスマス＊喜びの造形,2023/11/11,2024/1/28,https://japan-toy-museum.org/archives/exhibition/special/%e3%80%8c%e4%b8%96%e7%95%8c%e3%81%ae%e3%82%af%e3%83%aa%e3%82%b9%e3%83%9e%e3%82%b9%ef%bc%8a%e5%96%9c%e3%81%b3%e3%81%ae%e9%80%a0%e5%bd%a2%e3%80%8d,恒例となった当館のクリスマス展は、クリスマス飾りを通して世界各地のクリスマス風景を描き、この行事の意味を探る試みです。本年は、世界55ヶ国のクリスマスに登場するオーナメントを、北ヨーロッパ、中央ヨーロッパ、東ヨーロッパ、南ヨーロッパ、北部アメリカ、中南部アメリカ、アジア、アフリカの8つの地域に分けて展示し、各地のクリスマス飾りの特徴を紹介します。本場ヨーロッパの伝統あるオーナメントはもちろんですが、今回は、メキシコやペルー、ブラジルなどラテンアメリカ諸国の民芸的なクリスマス造形がみどころです。新たな光を讃え、小さな生命の輝きを祝い喜ぶクリスマスーー世界各地の民族色豊かなクリスマス飾りを通して、クリスマス文化の奥行の深さを感じていだければと思います。,
,小松原,たつの市立龍野歴史文化資料館,兵庫県,街道の風景 ～宿場町に伝わったもの～,2023/10/21,2023/12/10,https://www.city.tatsuno.lg.jp/rekibun/2023kaidou.html,たつの市域を往来していた江戸時代の街道と宿場町の歴史について、街道絵図や宿場町に伝わった初公開や新発見の資料を通して紹介します。,
,大矢,公益財団法人名勝依水園・寧楽美術館,奈良県,やきもの用語実見展　虫喰い、口紅ってなんだろう??,2023/8/11,2023/12/24,https://isuien.or.jp/includes/set_exhibition_j.php,日本にはやきものを愛するがゆえに生み出された多くのやきもの用語が存在します。中にはユーモラスな表現のものも。本展では、やきものの製作技法や見どころに関する用語を、実際の事例とともに紹介します。やきもの鑑賞の楽しみがいっそう深まれば幸いです。,
,大矢,春日大社国宝殿,奈良県,夏・秋季特別展「人々の祈りを見守る 文様となった招福の動物や植物たち」,2023/7/8,2023/12/13,https://www.kasugataisha.or.jp/museum_exhibitions/12701/,春日大社に伝わる宝物は、神様がお持ちになり、御覧になる品々で、美しい文様で飾られています。祭礼で身に着ける装束や道具にも様々な文様が施され、その様子は絵画にも描かれています。いにしえの文様はただ美しいだけでなく、魔除けや吉祥の祈り等と深く結びついています。文様を通じて春日大社の文化や歴史を探り、楽しい文様の世界にご案内します。,
,大矢,春日大社万葉植物園,奈良県,,,,,,
,大矢,奈良県立美術館,奈良県,特別展　仮面芸能の系譜　仮面芸能のふるさと奈良,2023/9/30,2023/11/12,https://www.pref.nara.jp/63124.htm,わが国は、先史時代から仮面芸能が生きづく希有な文化を持っています。縄文時代の土面に始まり、飛鳥時代に百済人が伝えた伎楽や、大陸から伝来し平安時代に集大成された雅楽・舞楽。また曲芸的な散楽、水田耕作と密着した田楽。その淵源が謎に包まれた予祝舞・翁舞や、中世に大和国において猿楽から発展した能狂言へとつながります。本展では、仮面に加え、装束や楽器、映像、音源などを展覧し、奈良で生まれ育った仮面芸能の魅力をお伝えします。,
,大矢,奈良県立美術館,奈良県,特別展　漂泊の画家　不染鉄,2024/1/13,2024/3/10,https://www.pref.nara.jp/63125.htm,懐かしくも幻想的な独特の絵画世界を展開した不染鉄（ふせん・てつ　1891-1976）。東京で生まれ、伊豆大島から京都、そして奈良へと、あたかも安住の地を求めるかのように遍歴を重ね、次第に深まりを見せるその画境には、過去の思い出とともに静穏な日々の営みを慈しむ不染の理想郷的世界が投影されています。およそ5年ぶりとなる本回顧展では、初期から晩年までに代表作により、心に沁み入るような不染作品の魅力を改めて紹介いたします。,
,大矢,奈良国立博物館,奈良県,第75回　正倉院展,2023/10/28,2023/11/13,https://www.narahaku.go.jp/exhibition/special/special_exhibition/202310_shosoin/,正倉院宝物は、東大寺の重要な資財を保管する倉であった正倉院正倉に伝来した宝物群です。正倉院展では、およそ9000件にも上る正倉院宝物の中から毎年60件前後が公開されます。75回目の開催となる本年も、調度品、楽器、服飾品、仏具、文書といった正倉院宝物の全体像がうかがえるラインナップで、宝物の魅力を余すことなく伝えます。正倉院宝物の歴史は、天平勝宝8歳（756）6月21日、聖しょう武む天てん皇のうの四十九日である七七忌に際して光こう明みょう皇こう后ごうが天皇遺愛の品を大仏に献納したことにはじまります。献納された品々は、そのときに作成された献納品のリスト『国こっ家か珍ちん宝ぽう帳ちょう』に記載され、正倉院宝物の中核に位置付けられています。本年はその中から、『国家珍宝帳』の筆頭に記載される「九く条じょう刺し納のう樹じゅ皮ひ色しょくの袈け裟さ」（刺し子縫いの袈裟）をはじめ、「漫まん背ぱいの八はっ角かく鏡きょう」（無地の花形鏡）や「鳥とり草くさ夾きょう纈けちの屛びょう風ぶ」（板じめ染めの屛風）などが出陳されます。中でも袈裟は、聖武天皇の仏教への篤い信仰を象徴する品として、正倉院宝物を代表する屈指の名宝です。正倉院には、奈良時代に宮廷や寺院内で使われた楽器や調度品のほか、貴人たちのアクセサリーなども伝わっています。「楓かえで蘇す芳おう染ぞめ螺ら鈿でんの槽そうの琵び琶わ」（螺鈿飾りの四絃琵琶）は、槽に施されたきらびやかな螺鈿の装飾が目を惹く一方、撥ばち受うけには中国・盛唐期の画風にもとづく山水画が描かれ、奈良時代の異国趣味を濃厚に示しています。「平へい螺ら鈿でん背はいの円えん鏡きょう」（螺鈿飾りの鏡）や「銀ぎん平へい脱だつの鏡かがみ箱ばこ」（鏡の箱）、「斑はん犀さいの把つか漆うるしの鞘さや黄おう金ごん葛かずら形がた珠しゅ玉ぎょく荘かざりの刀とう子す」（腰帯から下げた小刀）といった品々にも、螺鈿・金銀・珠玉類など高級な素材が惜しげもなく使われています。これらの宝物を通して、奈良時代の貴人たちの異国情緒あふれる華やかな暮らしぶりが垣間見られます。東大寺など大寺院を飾った多彩な仏具類も見逃せません。「碧へき地じ金きん銀ぎん絵えの箱はこ」（花鳥文様の脚付き箱）は明るい青の色彩が目にも鮮やかな品ですが、一方で「刻こく彫ちょう梧ご桐とう金きん銀ぎん絵えの花はな形がた合ごう子す」（花形のふたもの）といった花葉の生き生きとした彫刻に目を見張る品もあり、正倉院の仏具の多様な装飾表現をご覧いただくことができます。また、東大寺初代別べっ当とうをつとめた良ろう弁べん（689～773）の1250年御遠忌にあたる本年、良弁自ら署名した文書を含む「正しょう倉そう院いん古こ文もん書じょ正せい集しゅう　第七巻」（少しょう僧そう都ず良ろう弁べん牒ちょうほか）が出陳されることも注目されます。そのほか、道教思想にもとづく仙薬せんやくの容器ともいわれる「青せい斑はん石せきの鼈べつ合ごう子す」（スッポン形のふたもの）などを通じ、奈良時代の信仰世界の奥行きと広がりにも触れていただけます。正倉院では、長い歴史の中で残片となったものも大切に守り継がれてきました。正倉院事務所による最新の研究成果では、「漆うるし六ろっ角かくの厨ず子し残ざん欠けつ」（厨子の部材）のそれぞれのパーツの特定が試みられ、長六角形の平面をもつ奈良時代の厨子の当初の姿が浮かび上がってきました。本年は、こうした厨子や正倉院の塵じん芥かい文もん書じょの復元研究の成果を通し、宝物が織り成す歴史のロマンを体感していただきたいと思います。,
,大矢,奈良国立博物館,奈良県,おん祭と春日信仰の美術,2023/12/9,2024/1/14,https://www.narahaku.go.jp/exhibition/special/feature_exhibition/202312_on-matsuri/,平安時代以来、脈々と続く春日若宮の祭礼「おん祭」の時期にあわせ、おん祭及び春日信仰に関連する絵画・文書・工芸品などを展示します。,
,大矢,奈良国立博物館,奈良県,新たに修理された文化財,2023/12/19,2024/1/14,https://www.narahaku.go.jp/exhibition/special/thematic_exhibition/202312_shuri/,近年当館が実施した修理事業で修理した作品を展示し、修理内容をパネルでご紹介します。,
,大矢,奈良国立博物館,奈良県,お水取り,2024/2/10,2024/3/17,https://www.narahaku.go.jp/exhibition/special/feature_exhibition/202402_omizutori/,奈良時代から一度の中断もなく続く東大寺二月堂の「お水取り」。本展では、「お水取り」や二月堂にまつわる絵画、工芸品、典籍等を展示し、その歴史と信仰を紹介します。,
,大矢,奈良国立博物館,奈良県,空海　KŪKAI ―密教のルーツとマンダラ世界,2024/4/13,2024/6/9,https://www.narahaku.go.jp/exhibition/special/special_exhibition/202404_kukai/,"空海の生誕1250年を記念して、奈良国立博物館の総力を挙げた展覧会を開催します。「虚空尽き、衆生尽き、涅槃尽きなば、わが願いも尽きむ。」（『性霊集』巻第八）空海が人々を救うためにたどり着いたのは密教でした。本展では、空海がもたらした密教の国際的なルーツを辿るとともに、空海が伝えたマンダラの世界を展示室に展開し、その偉業を顕彰します。　
（この世の全ての物が消滅し、仏法の世界が尽きるまで、私は人々が救われることを願い続ける）",
,大矢,公益財団法人松伯美術館,奈良県,文化勲章受章・卒寿記念特別展 上村淳之展,2023/10/14,2023/12/24,https://www.kintetsu-g-hd.co.jp/culture/shohaku/exhibition/exhibition.html,令和５年、当館の館長・上村淳之は卒寿を迎えます。淳之は、幼いころから、父 松篁が飼っていた小鳥たちとふれあい、美大三年生までの課題制作をおえると、専ら花鳥画を描くようになります。「鳥が好きだからテーマになり、テーマになるから鳥の数も増えてゆく」と述べるように、「唳禽荘」（自宅・アトリエ）で多くの鳥と共に暮らし、絵筆を握ってきました。その業績により、平成25年（2013）に文化功労者となり、令和４年（2022）文化勲章を受章しました。 東洋的感性の減退や現代の日本画について真摯に警告を発し、さまざまな鳥の姿を通じて、自然の叡智を示し、未来へのメッセージを送り続ける上村淳之の姿を紹介します。,
,大矢,公益財団法人松伯美術館,奈良県,企画展　未来につなぐ日本画展 －松伯美術館公募展優秀賞受賞作家の現在Ⅱ－,2024/1/15,2024/2/17,https://www.kintetsu-g-hd.co.jp/culture/shohaku/exhibition/exhibition.html,昨年度の松伯美術館公募展優秀賞受賞作家の第２回目として、１９９３年の開館以来、毎年、開催してきた公募展の歴代優秀賞受賞作家の現在の作品をご紹介します。日本画を模索する作家達の育成と伸長を企図した公募展の歩みを振り返る機会として、優秀賞受賞作家の皆さまに現在の作品を自由に発表していただきます。豊かな感性で描かれた多様な表現の作品一点一点をご高覧いただき、本展が環境や価値観の激しい変化の中で日本画の未来について問いかける貴重な機会となるよう願っています。,
,大矢,公益財団法人中野美術館,奈良県,松本竣介、駒井哲郎から舟越桂まで－戦後日本の洋画・版画－〈洋画展示室〉,2023/9/9,2023/11/12,http://www.nakano-museum.jp/exhibition/index.html,この展覧会は、洋画では第二次世界大戦の最中にアメリカで描かれた国吉康雄の作品や終戦直後の東京を描いた松本竣介の油彩《焼跡風景》(1946年)をはじめ、須田国太郎、鳥海青児、林武などの作品を中心に、版画では、戦後日本人作家が海外で受賞を重ね評価が高まる中、サンパウロビエンナーレで受賞した駒井哲郎の出世作《束の間の幻影》(1951年)やパリに生きた長谷川潔のマニエール・ノワールの代表作から舟越桂のリトグラフ《影のある光》(1993年)まで、洋画、版画併せて約30点を展示いたします。 本展は、戦後から現代まで国際的な美術の動向の中で、日本の洋画・版画がどのように展開していったかを中野美術館のコレクションで辿ります。,
,大矢,公益財団法人中野美術館,奈良県,近代の日本画〈日本画展示室〉,2023/9/10,2023/11/13,http://www.nakano-museum.jp/exhibition/index.html,富岡鉄斎、横山大観、竹内栖鳳、入江波光、村上華岳、冨田溪仙などの近代の日本画27点を展示いたします。,
,大矢,公益財団法人大和文華館,奈良県,特別展　いぬねこ彩彩　―東アジアの犬と猫の絵画―,2023/10/7,2023/11/12,https://www.kintetsu-g-hd.co.jp/culture/yamato/exhibition/inunekosaisai.html,人間にとって親しみ深い動物である犬と猫は、東アジアでは古くから絵画のモチーフとしても人気を博しました。それらは、必ずしも心を憩わせる愛らしい姿のみを求められて生まれたのではなく、日々の幸福への祈り、異国への憧れ、権威の象徴、社会風刺などといった、人間の様々な思いを託されることで、しばしば描かれてきたのです。本展観では、中国、朝鮮半島、日本における、12～20世紀に制作された犬図・猫図を通して、東アジアにおける多彩な動物画の一様相をご覧いただきます。各地域の歴史・文化のもとで育まれた犬と猫のモチーフは、それぞれが独特な趣を備えています。しかしながら、それらを一堂に集めたとき、個々のモチーフや表現などに共通するものがあると気づかされます。それらは、東アジアにおける文物の受容史を物語るとともに、先述したような様々な背景のもと、時に選択的に用いられました。また犬と猫をより活き活きと、魅力的に表したいという画家の創意工夫、あるいはそれを求める鑑賞者の声などにも答えながら、発展していったと考えられるのです。重要文化財5件、重要美術品1件を含む、計63件の犬と猫にまつわる絵画作品を通して、東アジアで花開いた豊かな動物画の世界を、どうぞお楽しみください。,
,大矢,公益財団法人大和文華館,奈良県,特別企画展　朝鮮螺鈿の美,2023/11/17,2023/12/24,https://www.kintetsu-g-hd.co.jp/culture/yamato/exhibition/,貝殻を用いて文様をあらわす螺鈿漆器は、朝鮮半島で盛んに制作されました。貝のやわらかな光彩により､巧みにあらわされた文様の美しさをお楽しみ下さい。,
,大矢,公益財団法人大和文華館,奈良県,特別企画展　やまと絵のこころ,2024/1/5,2024/2/18,https://www.kintetsu-g-hd.co.jp/culture/yamato/exhibition/,四季の景物を描いた平安時代の絵画に端を発するやまと絵。その美意識を受け継いだ江戸時代の琳派や復古やまと絵派まで、多様に展開したやまと絵の精髄を探ります。,
,大矢,公益財団法人大和文華館,奈良県,文字を愛でる　―経典・文学・手紙から―,2024/2/23,2024/4/7,https://www.kintetsu-g-hd.co.jp/culture/yamato/exhibition/,中国や日本の書の文化は、書体や書風を多彩に展開し、文字を芸術の域にまで昇華させました。当館が所蔵する経典や文学作品、手紙を通して、美しい文字の世界へご案内します。,
,大矢,帝塚山大学附属博物館,奈良県,,,,,,
,大矢,奈良大学博物館,奈良県,富山市・長松山本法寺蔵「法華経曼荼羅図」の世界Ⅱ― 描かれたものがたり ―,2023/10/2,2023/12/9,https://www.nara-u.ac.jp/museum/exhibition/,富山市・長松山本法寺蔵「法華経曼荼羅図」(重要文化財）の高精細画像を原寸大複製と部分拡大図で展示します。原本は、鎌倉時代末期制作で、縦約190 ㎝、横約127 ㎝の大幅で、かつ22 幅で一具という類例の無い作品です。『法華経』二十八品の内容が描かれています。今回の展示は、お経の内容だけではなく、お経にはない龍の大激闘などの仏教ものがたりが描き混まれている点に注目します。美術史の立場からばかりではなく、説話文学や宗教史、歴史学などさまざまな立場から関心を寄せていただければ幸いです。,
,大矢,天理大学附属天理参考館,奈良県,天理図書館 開館93周年記念展「源氏物語展－珠玉の三十三選－」,2023/10/18,2023/11/27,https://www.tcl.gr.jp/exh/exh-6414/,"平安時代、中宮彰子に仕える女性紫式部によって著された『源氏物語』は、物語そして和歌・連歌といった文学作品のみならず、絵画・音楽・演劇など、日本文化の様々な分野に深い影響を与え、今日まで読み継がれています。
『源氏物語』を含む日本の古典籍は、印刷文化が発達するまで、人の手で書き写された「写本」によって伝えられてきました。現代までに失われてしまったものも多くある中で、今私たちが目にすることができる写本の数々は、一つ一つが長い歴史とともに個々の魅力を持っています。このたびは、天理図書館が所蔵する『源氏物語』資料群から主要な物語写本・絵画資料・自筆注釈書等を展示いたします。長い時間を経て今ここに伝存する各資料の姿をご覧いただき、それらを伝えた先人たちの思いを受け取っていただければ幸いです。",
,大矢,公益財団法人喜多美術館,奈良県,高塚孝一写真展 KOICHI’S SHOWCASE Past and Future,2023/9/22,2023/12/10,http://www13.plala.or.jp/kita-museum/index.html,"節目の齢を迎え自身の過去作から最新作までを展示する。
写真の概念やその境界は限りなく曖昧になり変化し続けているが、
私の写真表現もその中で変わってきた。いや変わらざるを得なかったのかもしれない。
今展示において、私は自身の過去と今を並べ俯瞰することにより、未来の写真表現について考えたいと思った。",
,松本(駿),一般財団法人大亀和尚民芸館,奈良県,,,,,,
,松本(駿),橿原市昆虫館,奈良県,,,,,,
,松本(駿),奈良県立橿原考古学研究所附属博物館,奈良県,,,,,,
,松本(駿),奈良文化財研究所飛鳥資料館,奈良県,,,,,,
,松本(駿),公益財団法人古都飛鳥保存財団高松塚壁画館,奈良県,,,,,,
,松本(駿),歴史に憩う橿原市博物館,奈良県,,,,,,
,松本(駿),法隆寺  大宝蔵殿,奈良県,,,,,,
,越智,市立五條文化博物館,奈良県,,,,,,
,越智,香芝市二上山博物館,奈良県,,,,,,
,越智,葛城市歴史博物館,奈良県,,,,,,
,越智,水平社博物館,奈良県,,,,,,
,大矢,和歌山県立博物館,和歌山県,生誕850年記念特別展　紀州・明恵上人伝,2023/10/14,2023/11/26,https://hakubutu.wakayama.jp/exhibit-menu/exhibit-in-year-2023/,承安3年（1173）湯浅宗重女を母として生まれた明恵上人は、神護寺や高山寺などで活躍する傍ら、幾度も紀州で修行を重ね、故郷のために祈りを捧げました。湯浅一族の記録やゆかりの芸術を通して、紀州の明恵上人像を紐解きます。,
,大矢,和歌山県立博物館,和歌山県,企画展　高野山寺領の村,2023/12/16,2024/2/12,https://hakubutu.wakayama.jp/exhibit-menu/exhibit-in-year-2023/,江戸時代、紀伊国の大部分は紀伊藩領でした。しかし、中世から高野山の領地であった高野山の麓の一部は、江戸時代もそのまま高野山寺領となりました。この企画展では、高野山寺領で暮らす人々の生活や文化を紹介します。,
,大矢,和歌山県立博物館,和歌山県,企画展　新収蔵品展,2024/2/23,2024/4/14,https://hakubutu.wakayama.jp/exhibit-menu/exhibit-in-year-2023/,和歌山県立博物館では、和歌山ゆかりの文化財を後世に伝えていくため、購入や寄贈によって、館蔵品の収集を積極的におこなってきました。平成29年度以降に収集した館蔵品を中心に、和歌山の歴史を語る文化財を紹介します。,
,大矢,和歌山県立近代美術館,和歌山県,第2回和歌山県人会世界大会記念特別事業　トランスボーダー：和歌山とアメリカをめぐる移民と美術,2023/9/30,2023/11/30,https://www.momaw.jp/exhibit/2023transbordering/,和歌山県人会世界大会記念特別事業として、移民という立場で多くの人びとが海を渡った和歌山県の歴史を背景に、アメリカ西海岸で美術を志した人々の足跡を追います。,
,大矢,和歌山県立近代美術館,和歌山県,原勝四郎展 　南海の光を描く,2023/10/7,2023/12/3,https://www.momaw.jp/exhibit/2023harakatsushiro/,故郷の田辺や生活を営んだ白浜の風景を中心に、生涯にわたって身近なモチーフを描き続けた洋画家、原勝四郎（1886–1964）。和歌山を愛し、和歌山に愛された画家の生涯を、田辺市立美術館との共催によって紹介します。,
,大矢,和歌山県立近代美術館,和歌山県,小企画展「原勝四郎と同時代の画家たち」,2023/10/7,2023/12/24,https://www.momaw.jp/information/exhibitions-2023/,「原勝四郎展」に関連し、原勝四郎と滞欧中のフランスで交流を持った画家など、ゆかりのある美術家の作品をコレクションを中心にご紹介します,
,大矢,和歌山市立博物館,和歌山県,歴史を語る道具たち,2024/1/16,2024/3/3,http://www.wakayama-city-museum.jp/schedule.html,民具や農具を「くらしの道具」・「遊びと勉強」・「あかりの道具」・「食事の道具」・「はかる道具」・「あたたまる道具」・「米作りの道具」の7つに分けて展示します。,
,大矢,和歌山市立博物館,和歌山県,花鳥風月－和歌山市立博物館収蔵品展－,2024/3/16,2024/5/12,http://www.wakayama-city-museum.jp/schedule.html,和歌山市立博物館が収蔵する、植物や風景に関する美術品を展示します。,
,大矢,和歌山市立博物館,和歌山県,葛城修験の世界,2023/10/28,2023/12/10,http://www.wakayama-city-museum.jp/schedule.html,和歌山・大阪・奈良の府県境の葛城山系は、役行者とゆかりの深い修験の聖地です。令和２年に日本遺産に認定されたように、葛城修験に注目が集まっています。本展覧会では新資料も公開し、葛城修験の豊かな歴史を紹介します。,
,大矢,和歌山県立紀伊風土記の丘,和歌山県,律令国家成立前夜,2023/9/30,2023/12/3,https://www.kiifudoki.wakayama-c.ed.jp/tenji/kikaku_tokubetu/index.html],日本が律令国家へ向かう６～７世紀の社会変化を、考古資料から読み解きます。,
,大矢,和歌山大学紀州経済史文化研究所,和歌山県,移民と和歌山2023：記憶と遺物の継承～過去から現在、そして未来へ～,2023/10/3,2023/12/22,https://www.wakayama-u.ac.jp/kisyuken/event/2023092500034/,かつて労働を目的として日本人が諸外国に移民した時期があります。和歌山県からも、３万人以上の県民が北米や中南米をはじめ諸外国へと海を渡っています。明治期に始まる日本人海外移民については、時代の変遷と共に人々の記憶から遠のき、移民した人々の遺物もまた世代交代とともに消失の危機にあるのが現状といえます。そのようななか、和歌山県においては、移民あるいは移住の歴史を保存し次世代へ伝えていこうという機運があり、各家庭で移民した先人の遺品も大切に保管されてきました。2009年以来、紀州経済史文化史研究所は移民展示を開催することによって、移民をめぐる諸相を取り上げ、次世代を担う若者や一般の方々に伝える試みを継続してきました。一方、和歌山県下において、移民母村と呼ばれた自治体や移民・移住に深く関わる機関や団体と連携を図り、資料の保存活動も進めてきました。このような取り組みを通して、貴重な資料や情報を提供いただいてきました。2023年度は、和歌山県で「第２回和歌山県人会世界大会」が開催されます。この機会に、これまでに寄贈いただいた貴重な遺物や当研究所の資料を公開し、和歌山に暮らす人々だけでなく、世界各地の日系コミュニティーの人々へもコミュニケーションを図る機会となることを願い、特別展を開催します。,
,大矢,和歌山県立自然博物館,和歌山県,和歌山県のトカゲとヤモリたち,2023/10/3,2023/11/26,https://www.shizenhaku.wakayama-c.ed.jp/exhibition/pg404.html,和歌山県に分布するトカゲとヤモリ全6種、全種展示！似ているようで実は違う、トカゲやヤモリをじっくり観察してみよう！,
,大矢,熊野神宝館,和歌山県,,,,,,
,大矢,財団法人高野山文化財保存会  高野山霊宝館,和歌山県,弘法大師空海の弟子たち,2023/10/14,2024/1/14,https://www.reihokan.or.jp/tenrankai/list_tokubetsu/2023_10.html,弘仁7年(816)、弘法大師空海が高野山を開き、承和2年(835)に入定した後、大師の意志を継いだ弟子たちが、高野山の発展、衆生の救済に取り組んできました。本展覧会では大師の弟子たちのゆかりの文化財、また真言宗の僧侶になるための儀式、伝法灌頂に使用する道具などを公開いたします。,
,大矢,有田市郷土資料館,和歌山県,魅惑の初島　流転のみほとけたち,2023/9/23,2023/11/26,https://www.city.arida.lg.jp/kurashi/sportsbunka/bunka/1000924/1004410.html,初島町は、昭和28(1953)年の町制施行から、70年の節目を迎えます(昭和37(1962)年に有田市へ編入)。初島は、古くから「浦の初島」として和歌にもたびたび取り上げられる風光明媚な地で、平安時代に編纂された日本最古の仏教説話集『日本霊異記』にも登場するなど、古くから仏教文化が華開く地でもあります。今回は、初島町の正善寺や西福寺を中心に、これまで紹介される機会の少なかった「流転するみほとけたち」に焦点を当てた企画展を開催します。,
,大矢,アドベンチャーワールド,和歌山県,,,,,,
,大矢,京都大学フィールド科学教育研究センター瀬戸臨海実験所水族館,和歌山県,,,,,,
,大矢,串本海中公園センター,和歌山県,,,,,,
,大矢,太地町立くじらの博物館,和歌山県,鯨と人の営み展,2023/8/9,2024/3/17,http://www.kujirakan.jp/news01.html#20230816_itonami,本企画展は、両施設が所蔵しているクジラのヒゲや歯・骨などから作られる道具や工芸品、クジラをモチーフとした郷土玩具などを3つのテーマに分類し、期間を分けてクジラと人が営んできた歴史の一部を紹介するものです。,